payout,miles,fuel_cost,net_profit,estimated_minutes,net_hourly_rate,net_dollars_per_mile,hourly_score,mileage_score,profit_score,final_score,flags
2.50,0.5,0.0733,2.4267,8.0000,18.2000,4.8533,4.1000,10.0000,0.5333,5.0400,
2.50,1.0,0.1467,2.3533,9.5000,14.8632,2.3533,2.4316,10.0000,0.4417,4.0252,
2.50,1.5,0.2200,2.2800,11.0000,12.4364,1.5200,1.2182,5.1333,0.3500,2.0667,
2.50,2.0,0.2933,2.2067,12.5000,10.5920,1.1033,0.2960,2.3556,0.2583,0.8052,
2.50,2.5,0.3667,2.1333,13.8000,9.2754,0.8533,0.0000,0.6889,0.1667,0.1972,
2.50,3.0,0.4400,2.0600,15.1000,8.1854,0.6867,0.0000,0.0000,0.0750,0.0113,
2.50,3.5,0.5133,1.9867,16.4000,7.2683,0.5676,0.0000,0.0000,0.0000,0.0000,
2.50,4.0,0.5867,1.9133,17.7000,6.4859,0.4783,0.0000,0.0000,0.0000,0.0000,
2.50,4.5,0.6600,1.8400,19.0000,5.8105,0.4089,0.0000,0.0000,0.0000,0.0000,
2.50,5.0,0.7333,1.7667,20.3000,5.2217,0.3533,0.0000,0.0000,0.0000,0.0000,
2.50,5.5,0.8067,1.6933,21.4000,4.7477,0.3079,0.0000,0.0000,0.0000,0.0000,
2.50,6.0,0.8800,1.6200,22.5000,4.3200,0.2700,0.0000,0.0000,0.0000,0.0000,
2.50,6.5,0.9533,1.5467,23.6000,3.9322,0.2379,0.0000,0.0000,0.0000,0.0000,
2.50,7.0,1.0267,1.4733,24.7000,3.5789,0.2105,0.0000,0.0000,0.0000,0.0000,
2.50,7.5,1.1000,1.4000,25.8000,3.2558,0.1867,0.0000,0.0000,0.0000,0.0000,
2.50,8.0,1.1733,1.3267,26.9000,2.9591,0.1658,0.0000,0.0000,0.0000,0.0000,
2.50,8.5,1.2467,1.2533,27.8000,2.7050,0.1475,0.0000,0.0000,0.0000,0.0000,
2.50,9.0,1.3200,1.1800,28.7000,2.4669,0.1311,0.0000,0.0000,0.0000,0.0000,
2.50,9.5,1.3933,1.1067,29.6000,2.2432,0.1165,0.0000,0.0000,0.0000,0.0000,
2.50,10.0,1.4667,1.0333,30.5000,2.0328,0.1033,0.0000,0.0000,0.0000,0.0000,
2.50,10.5,1.5400,0.9600,31.4000,1.8344,0.0914,0.0000,0.0000,0.0000,0.0000,
2.50,11.0,1.6133,0.8867,32.3000,1.6471,0.0806,0.0000,0.0000,0.0000,0.0000,
2.50,11.5,1.6867,0.8133,33.2000,1.4699,0.0707,0.0000,0.0000,0.0000,0.0000,
2.50,12.0,1.7600,0.7400,34.1000,1.3021,0.0617,0.0000,0.0000,0.0000,0.0000,
2.50,12.5,1.8333,0.6667,34.9000,1.1461,0.0533,0.0000,0.0000,0.0000,0.0000,
2.50,13.0,1.9067,0.5933,35.7000,0.9972,0.0456,0.0000,0.0000,0.0000,0.0000,
2.50,13.5,1.9800,0.5200,36.5000,0.8548,0.0385,0.0000,0.0000,0.0000,0.0000,
2.50,14.0,2.0533,0.4467,37.3000,0.7185,0.0319,0.0000,0.0000,0.0000,0.0000,
2.50,14.5,2.1267,0.3733,38.1000,0.5879,0.0257,0.0000,0.0000,0.0000,0.0000,
2.50,15.0,2.2000,0.3000,38.9000,0.4627,0.0200,0.0000,0.0000,0.0000,0.0000,
2.50,15.5,2.2733,0.2267,39.7000,0.3426,0.0146,0.0000,0.0000,0.0000,0.0000,
2.50,16.0,2.3467,0.1533,40.5000,0.2272,0.0096,0.0000,0.0000,0.0000,0.0000,
2.50,16.5,2.4200,0.0800,41.3000,0.1162,0.0048,0.0000,0.0000,0.0000,0.0000,
2.50,17.0,2.4933,0.0067,42.1000,0.0095,0.0004,0.0000,0.0000,0.0000,0.0000,
2.50,17.5,2.5667,-0.0667,42.9000,-0.0932,-0.0038,0.0000,0.0000,0.0000,0.0000,
2.50,18.0,2.6400,-0.1400,43.7000,-0.1922,-0.0078,0.0000,0.0000,0.0000,0.0000,
2.50,18.5,2.7133,-0.2133,44.5000,-0.2876,-0.0115,0.0000,0.0000,0.0000,0.0000,
2.50,19.0,2.7867,-0.2867,45.3000,-0.3797,-0.0151,0.0000,0.0000,0.0000,0.0000,
2.50,19.5,2.8600,-0.3600,46.1000,-0.4685,-0.0185,0.0000,0.0000,0.0000,0.0000,
2.50,20.0,2.9333,-0.4333,46.9000,-0.5544,-0.0217,0.0000,0.0000,0.0000,0.0000,
3.00,0.5,0.0733,2.9267,8.0000,21.9500,5.8533,5.9750,10.0000,1.1583,6.2587,
3.00,1.0,0.1467,2.8533,9.5000,18.0211,2.8533,4.0105,10.0000,1.0667,5.0663,
3.00,1.5,0.2200,2.7800,11.0000,15.1636,1.8533,2.5818,7.3556,0.9750,3.5342,
3.00,2.0,0.2933,2.7067,12.5000,12.9920,1.3533,1.4960,4.0222,0.8833,2.0357,
3.00,2.5,0.3667,2.6333,13.8000,11.4493,1.0533,0.7246,2.0222,0.7917,1.0591,
3.00,3.0,0.4400,2.5600,15.1000,10.1722,0.8533,0.0861,0.6889,0.7000,0.3289,
3.00,3.5,0.5133,2.4867,16.4000,9.0976,0.7105,0.0000,0.0000,0.6083,0.0912,
3.00,4.0,0.5867,2.4133,17.7000,8.1808,0.6033,0.0000,0.0000,0.5167,0.0775,
3.00,4.5,0.6600,2.3400,19.0000,7.3895,0.5200,0.0000,0.0000,0.4250,0.0637,
3.00,5.0,0.7333,2.2667,20.3000,6.6995,0.4533,0.0000,0.0000,0.3333,0.0500,
3.00,5.5,0.8067,2.1933,21.4000,6.1495,0.3988,0.0000,0.0000,0.2417,0.0363,
3.00,6.0,0.8800,2.1200,22.5000,5.6533,0.3533,0.0000,0.0000,0.1500,0.0225,
3.00,6.5,0.9533,2.0467,23.6000,5.2034,0.3149,0.0000,0.0000,0.0583,0.0087,
3.00,7.0,1.0267,1.9733,24.7000,4.7935,0.2819,0.0000,0.0000,0.0000,0.0000,
3.00,7.5,1.1000,1.9000,25.8000,4.4186,0.2533,0.0000,0.0000,0.0000,0.0000,
3.00,8.0,1.1733,1.8267,26.9000,4.0743,0.2283,0.0000,0.0000,0.0000,0.0000,
3.00,8.5,1.2467,1.7533,27.8000,3.7842,0.2063,0.0000,0.0000,0.0000,0.0000,
3.00,9.0,1.3200,1.6800,28.7000,3.5122,0.1867,0.0000,0.0000,0.0000,0.0000,
3.00,9.5,1.3933,1.6067,29.6000,3.2568,0.1691,0.0000,0.0000,0.0000,0.0000,
3.00,10.0,1.4667,1.5333,30.5000,3.0164,0.1533,0.0000,0.0000,0.0000,0.0000,
3.00,10.5,1.5400,1.4600,31.4000,2.7898,0.1390,0.0000,0.0000,0.0000,0.0000,
3.00,11.0,1.6133,1.3867,32.3000,2.5759,0.1261,0.0000,0.0000,0.0000,0.0000,
3.00,11.5,1.6867,1.3133,33.2000,2.3735,0.1142,0.0000,0.0000,0.0000,0.0000,
3.00,12.0,1.7600,1.2400,34.1000,2.1818,0.1033,0.0000,0.0000,0.0000,0.0000,
3.00,12.5,1.8333,1.1667,34.9000,2.0057,0.0933,0.0000,0.0000,0.0000,0.0000,
3.00,13.0,1.9067,1.0933,35.7000,1.8375,0.0841,0.0000,0.0000,0.0000,0.0000,
3.00,13.5,1.9800,1.0200,36.5000,1.6767,0.0756,0.0000,0.0000,0.0000,0.0000,
3.00,14.0,2.0533,0.9467,37.3000,1.5228,0.0676,0.0000,0.0000,0.0000,0.0000,
3.00,14.5,2.1267,0.8733,38.1000,1.3753,0.0602,0.0000,0.0000,0.0000,0.0000,
3.00,15.0,2.2000,0.8000,38.9000,1.2339,0.0533,0.0000,0.0000,0.0000,0.0000,
3.00,15.5,2.2733,0.7267,39.7000,1.0982,0.0469,0.0000,0.0000,0.0000,0.0000,
3.00,16.0,2.3467,0.6533,40.5000,0.9679,0.0408,0.0000,0.0000,0.0000,0.0000,
3.00,16.5,2.4200,0.5800,41.3000,0.8426,0.0352,0.0000,0.0000,0.0000,0.0000,
3.00,17.0,2.4933,0.5067,42.1000,0.7221,0.0298,0.0000,0.0000,0.0000,0.0000,
3.00,17.5,2.5667,0.4333,42.9000,0.6061,0.0248,0.0000,0.0000,0.0000,0.0000,
3.00,18.0,2.6400,0.3600,43.7000,0.4943,0.0200,0.0000,0.0000,0.0000,0.0000,
3.00,18.5,2.7133,0.2867,44.5000,0.3865,0.0155,0.0000,0.0000,0.0000,0.0000,
3.00,19.0,2.7867,0.2133,45.3000,0.2826,0.0112,0.0000,0.0000,0.0000,0.0000,
3.00,19.5,2.8600,0.1400,46.1000,0.1822,0.0072,0.0000,0.0000,0.0000,0.0000,
3.00,20.0,2.9333,0.0667,46.9000,0.0853,0.0033,0.0000,0.0000,0.0000,0.0000,
3.50,0.5,0.0733,3.4267,8.0000,25.7000,6.8533,7.8500,10.0000,1.7833,7.4775,
3.50,1.0,0.1467,3.3533,9.5000,21.1789,3.3533,5.5895,10.0000,1.6917,6.1074,
3.50,1.5,0.2200,3.2800,11.0000,17.8909,2.1867,3.9455,9.5778,1.6000,5.0017,
3.50,2.0,0.2933,3.2067,12.5000,15.3920,1.6033,2.6960,5.6889,1.5083,3.2661,
3.50,2.5,0.3667,3.1333,13.8000,13.6232,1.2533,1.8116,3.3556,1.4167,2.1383,
3.50,3.0,0.4400,3.0600,15.1000,12.1589,1.0200,1.0795,1.8000,1.3250,1.2964,
3.50,3.5,0.5133,2.9867,16.4000,10.9268,0.8533,0.4634,0.6889,1.2333,0.6353,
3.50,4.0,0.5867,2.9133,17.7000,9.8757,0.7283,0.0000,0.0000,1.1417,0.1712,
3.50,4.5,0.6600,2.8400,19.0000,8.9684,0.6311,0.0000,0.0000,1.0500,0.1575,
3.50,5.0,0.7333,2.7667,20.3000,8.1773,0.5533,0.0000,0.0000,0.9583,0.1438,
3.50,5.5,0.8067,2.6933,21.4000,7.5514,0.4897,0.0000,0.0000,0.8667,0.1300,
3.50,6.0,0.8800,2.6200,22.5000,6.9867,0.4367,0.0000,0.0000,0.7750,0.1163,
3.50,6.5,0.9533,2.5467,23.6000,6.4746,0.3918,0.0000,0.0000,0.6833,0.1025,
3.50,7.0,1.0267,2.4733,24.7000,6.0081,0.3533,0.0000,0.0000,0.5917,0.0887,
3.50,7.5,1.1000,2.4000,25.8000,5.5814,0.3200,0.0000,0.0000,0.5000,0.0750,
3.50,8.0,1.1733,2.3267,26.9000,5.1896,0.2908,0.0000,0.0000,0.4083,0.0613,
3.50,8.5,1.2467,2.2533,27.8000,4.8633,0.2651,0.0000,0.0000,0.3167,0.0475,
3.50,9.0,1.3200,2.1800,28.7000,4.5575,0.2422,0.0000,0.0000,0.2250,0.0337,
3.50,9.5,1.3933,2.1067,29.6000,4.2703,0.2218,0.0000,0.0000,0.1333,0.0200,
3.50,10.0,1.4667,2.0333,30.5000,4.0000,0.2033,0.0000,0.0000,0.0417,0.0062,
3.50,10.5,1.5400,1.9600,31.4000,3.7452,0.1867,0.0000,0.0000,0.0000,0.0000,
3.50,11.0,1.6133,1.8867,32.3000,3.5046,0.1715,0.0000,0.0000,0.0000,0.0000,
3.50,11.5,1.6867,1.8133,33.2000,3.2771,0.1577,0.0000,0.0000,0.0000,0.0000,
3.50,12.0,1.7600,1.7400,34.1000,3.0616,0.1450,0.0000,0.0000,0.0000,0.0000,
3.50,12.5,1.8333,1.6667,34.9000,2.8653,0.1333,0.0000,0.0000,0.0000,0.0000,
3.50,13.0,1.9067,1.5933,35.7000,2.6779,0.1226,0.0000,0.0000,0.0000,0.0000,
3.50,13.5,1.9800,1.5200,36.5000,2.4986,0.1126,0.0000,0.0000,0.0000,0.0000,
3.50,14.0,2.0533,1.4467,37.3000,2.3271,0.1033,0.0000,0.0000,0.0000,0.0000,
3.50,14.5,2.1267,1.3733,38.1000,2.1627,0.0947,0.0000,0.0000,0.0000,0.0000,
3.50,15.0,2.2000,1.3000,38.9000,2.0051,0.0867,0.0000,0.0000,0.0000,0.0000,
3.50,15.5,2.2733,1.2267,39.7000,1.8539,0.0791,0.0000,0.0000,0.0000,0.0000,
3.50,16.0,2.3467,1.1533,40.5000,1.7086,0.0721,0.0000,0.0000,0.0000,0.0000,
3.50,16.5,2.4200,1.0800,41.3000,1.5690,0.0655,0.0000,0.0000,0.0000,0.0000,
3.50,17.0,2.4933,1.0067,42.1000,1.4347,0.0592,0.0000,0.0000,0.0000,0.0000,
3.50,17.5,2.5667,0.9333,42.9000,1.3054,0.0533,0.0000,0.0000,0.0000,0.0000,
3.50,18.0,2.6400,0.8600,43.7000,1.1808,0.0478,0.0000,0.0000,0.0000,0.0000,
3.50,18.5,2.7133,0.7867,44.5000,1.0607,0.0425,0.0000,0.0000,0.0000,0.0000,
3.50,19.0,2.7867,0.7133,45.3000,0.9448,0.0375,0.0000,0.0000,0.0000,0.0000,
3.50,19.5,2.8600,0.6400,46.1000,0.8330,0.0328,0.0000,0.0000,0.0000,0.0000,
3.50,20.0,2.9333,0.5667,46.9000,0.7249,0.0283,0.0000,0.0000,0.0000,0.0000,
4.00,0.5,0.0733,3.9267,8.0000,29.4500,7.8533,9.7250,10.0000,2.4083,8.6963,LOW_PAYOUT_HIGH_SCORE
4.00,1.0,0.1467,3.8533,9.5000,24.3368,3.8533,7.1684,10.0000,2.3167,7.1486,
4.00,1.5,0.2200,3.7800,11.0000,20.6182,2.5200,5.3091,10.0000,2.2250,6.0192,
4.00,2.0,0.2933,3.7067,12.5000,17.7920,1.8533,3.8960,7.3556,2.1333,4.4965,
4.00,2.5,0.3667,3.6333,13.8000,15.7971,1.4533,2.8986,4.6889,2.0417,3.2176,
4.00,3.0,0.4400,3.5600,15.1000,14.1457,1.1867,2.0728,2.9111,1.9500,2.2640,
4.00,3.5,0.5133,3.4867,16.4000,12.7561,0.9962,1.3780,1.6413,1.8583,1.5159,
4.00,4.0,0.5867,3.4133,17.7000,11.5706,0.8533,0.7853,0.6889,1.7667,0.9084,
4.00,4.5,0.6600,3.3400,19.0000,10.5474,0.7422,0.2737,0.0000,1.6750,0.4155,
4.00,5.0,0.7333,3.2667,20.3000,9.6552,0.6533,0.0000,0.0000,1.5833,0.2375,
4.00,5.5,0.8067,3.1933,21.4000,8.9533,0.5806,0.0000,0.0000,1.4917,0.2238,
4.00,6.0,0.8800,3.1200,22.5000,8.3200,0.5200,0.0000,0.0000,1.4000,0.2100,
4.00,6.5,0.9533,3.0467,23.6000,7.7458,0.4687,0.0000,0.0000,1.3083,0.1962,
4.00,7.0,1.0267,2.9733,24.7000,7.2227,0.4248,0.0000,0.0000,1.2167,0.1825,
4.00,7.5,1.1000,2.9000,25.8000,6.7442,0.3867,0.0000,0.0000,1.1250,0.1687,
4.00,8.0,1.1733,2.8267,26.9000,6.3048,0.3533,0.0000,0.0000,1.0333,0.1550,
4.00,8.5,1.2467,2.7533,27.8000,5.9424,0.3239,0.0000,0.0000,0.9417,0.1412,
4.00,9.0,1.3200,2.6800,28.7000,5.6028,0.2978,0.0000,0.0000,0.8500,0.1275,
4.00,9.5,1.3933,2.6067,29.6000,5.2838,0.2744,0.0000,0.0000,0.7583,0.1137,
4.00,10.0,1.4667,2.5333,30.5000,4.9836,0.2533,0.0000,0.0000,0.6667,0.1000,
4.00,10.5,1.5400,2.4600,31.4000,4.7006,0.2343,0.0000,0.0000,0.5750,0.0863,
4.00,11.0,1.6133,2.3867,32.3000,4.4334,0.2170,0.0000,0.0000,0.4833,0.0725,
4.00,11.5,1.6867,2.3133,33.2000,4.1807,0.2012,0.0000,0.0000,0.3917,0.0587,
4.00,12.0,1.7600,2.2400,34.1000,3.9413,0.1867,0.0000,0.0000,0.3000,0.0450,
4.00,12.5,1.8333,2.1667,34.9000,3.7249,0.1733,0.0000,0.0000,0.2083,0.0312,
4.00,13.0,1.9067,2.0933,35.7000,3.5182,0.1610,0.0000,0.0000,0.1167,0.0175,
4.00,13.5,1.9800,2.0200,36.5000,3.3205,0.1496,0.0000,0.0000,0.0250,0.0037,
4.00,14.0,2.0533,1.9467,37.3000,3.1314,0.1390,0.0000,0.0000,0.0000,0.0000,
4.00,14.5,2.1267,1.8733,38.1000,2.9501,0.1292,0.0000,0.0000,0.0000,0.0000,
4.00,15.0,2.2000,1.8000,38.9000,2.7763,0.1200,0.0000,0.0000,0.0000,0.0000,
4.00,15.5,2.2733,1.7267,39.7000,2.6096,0.1114,0.0000,0.0000,0.0000,0.0000,
4.00,16.0,2.3467,1.6533,40.5000,2.4494,0.1033,0.0000,0.0000,0.0000,0.0000,
4.00,16.5,2.4200,1.5800,41.3000,2.2954,0.0958,0.0000,0.0000,0.0000,0.0000,
4.00,17.0,2.4933,1.5067,42.1000,2.1473,0.0886,0.0000,0.0000,0.0000,0.0000,
4.00,17.5,2.5667,1.4333,42.9000,2.0047,0.0819,0.0000,0.0000,0.0000,0.0000,
4.00,18.0,2.6400,1.3600,43.7000,1.8673,0.0756,0.0000,0.0000,0.0000,0.0000,
4.00,18.5,2.7133,1.2867,44.5000,1.7348,0.0695,0.0000,0.0000,0.0000,0.0000,
4.00,19.0,2.7867,1.2133,45.3000,1.6071,0.0639,0.0000,0.0000,0.0000,0.0000,
4.00,19.5,2.8600,1.1400,46.1000,1.4837,0.0585,0.0000,0.0000,0.0000,0.0000,
4.00,20.0,2.9333,1.0667,46.9000,1.3646,0.0533,0.0000,0.0000,0.0000,0.0000,
4.50,0.5,0.0733,4.4267,8.0000,33.2000,8.8533,10.0000,10.0000,3.0333,8.9550,LOW_PAYOUT_HIGH_SCORE
4.50,1.0,0.1467,4.3533,9.5000,27.4947,4.3533,8.7474,10.0000,2.9417,8.1897,LOW_PAYOUT_HIGH_SCORE
4.50,1.5,0.2200,4.2800,11.0000,23.3455,2.8533,6.6727,10.0000,2.8500,6.9311,
4.50,2.0,0.2933,4.2067,12.5000,20.1920,2.1033,5.0960,9.0222,2.7583,5.7269,
4.50,2.5,0.3667,4.1333,13.8000,17.9710,1.6533,3.9855,6.0222,2.6667,4.2969,
4.50,3.0,0.4400,4.0600,15.1000,16.1325,1.3533,3.0662,4.0222,2.5750,3.2315,
4.50,3.5,0.5133,3.9867,16.4000,14.5854,1.1390,2.2927,2.5937,2.4833,2.3965,
4.50,4.0,0.5867,3.9133,17.7000,13.2655,0.9783,1.6328,1.5222,2.3917,1.7190,
4.50,4.5,0.6600,3.8400,19.0000,12.1263,0.8533,1.0632,0.6889,2.3000,1.1551,
4.50,5.0,0.7333,3.7667,20.3000,11.1330,0.7533,0.5665,0.0222,2.2083,0.6767,
4.50,5.5,0.8067,3.6933,21.4000,10.3551,0.6715,0.1776,0.0000,2.1167,0.4240,
4.50,6.0,0.8800,3.6200,22.5000,9.6533,0.6033,0.0000,0.0000,2.0250,0.3038,
4.50,6.5,0.9533,3.5467,23.6000,9.0169,0.5456,0.0000,0.0000,1.9333,0.2900,
4.50,7.0,1.0267,3.4733,24.7000,8.4372,0.4962,0.0000,0.0000,1.8417,0.2762,
4.50,7.5,1.1000,3.4000,25.8000,7.9070,0.4533,0.0000,0.0000,1.7500,0.2625,
4.50,8.0,1.1733,3.3267,26.9000,7.4201,0.4158,0.0000,0.0000,1.6583,0.2487,
4.50,8.5,1.2467,3.2533,27.8000,7.0216,0.3827,0.0000,0.0000,1.5667,0.2350,
4.50,9.0,1.3200,3.1800,28.7000,6.6481,0.3533,0.0000,0.0000,1.4750,0.2212,
4.50,9.5,1.3933,3.1067,29.6000,6.2973,0.3270,0.0000,0.0000,1.3833,0.2075,
4.50,10.0,1.4667,3.0333,30.5000,5.9672,0.3033,0.0000,0.0000,1.2917,0.1937,
4.50,10.5,1.5400,2.9600,31.4000,5.6561,0.2819,0.0000,0.0000,1.2000,0.1800,
4.50,11.0,1.6133,2.8867,32.3000,5.3622,0.2624,0.0000,0.0000,1.1083,0.1663,
4.50,11.5,1.6867,2.8133,33.2000,5.0843,0.2446,0.0000,0.0000,1.0167,0.1525,
4.50,12.0,1.7600,2.7400,34.1000,4.8211,0.2283,0.0000,0.0000,0.9250,0.1387,
4.50,12.5,1.8333,2.6667,34.9000,4.5845,0.2133,0.0000,0.0000,0.8333,0.1250,
4.50,13.0,1.9067,2.5933,35.7000,4.3585,0.1995,0.0000,0.0000,0.7417,0.1112,
4.50,13.5,1.9800,2.5200,36.5000,4.1425,0.1867,0.0000,0.0000,0.6500,0.0975,
4.50,14.0,2.0533,2.4467,37.3000,3.9357,0.1748,0.0000,0.0000,0.5583,0.0837,
4.50,14.5,2.1267,2.3733,38.1000,3.7375,0.1637,0.0000,0.0000,0.4667,0.0700,
4.50,15.0,2.2000,2.3000,38.9000,3.5476,0.1533,0.0000,0.0000,0.3750,0.0562,
4.50,15.5,2.2733,2.2267,39.7000,3.3652,0.1437,0.0000,0.0000,0.2833,0.0425,
4.50,16.0,2.3467,2.1533,40.5000,3.1901,0.1346,0.0000,0.0000,0.1917,0.0287,
4.50,16.5,2.4200,2.0800,41.3000,3.0218,0.1261,0.0000,0.0000,0.1000,0.0150,
4.50,17.0,2.4933,2.0067,42.1000,2.8599,0.1180,0.0000,0.0000,0.0083,0.0012,
4.50,17.5,2.5667,1.9333,42.9000,2.7040,0.1105,0.0000,0.0000,0.0000,0.0000,
4.50,18.0,2.6400,1.8600,43.7000,2.5538,0.1033,0.0000,0.0000,0.0000,0.0000,
4.50,18.5,2.7133,1.7867,44.5000,2.4090,0.0966,0.0000,0.0000,0.0000,0.0000,
4.50,19.0,2.7867,1.7133,45.3000,2.2693,0.0902,0.0000,0.0000,0.0000,0.0000,
4.50,19.5,2.8600,1.6400,46.1000,2.1345,0.0841,0.0000,0.0000,0.0000,0.0000,
4.50,20.0,2.9333,1.5667,46.9000,2.0043,0.0783,0.0000,0.0000,0.0000,0.0000,
5.00,0.5,0.0733,4.9267,8.0000,36.9500,9.8533,10.0000,10.0000,3.6583,9.0488,
5.00,1.0,0.1467,4.8533,9.5000,30.6526,4.8533,10.0000,10.0000,3.5667,9.0350,
5.00,1.5,0.2200,4.7800,11.0000,26.0727,3.1867,8.0364,10.0000,3.4750,7.8431,
5.00,2.0,0.2933,4.7067,12.5000,22.5920,2.3533,6.2960,10.0000,3.3833,6.7851,
5.00,2.5,0.3667,4.6333,13.8000,20.1449,1.8533,5.0725,7.3556,3.2917,5.3761,
5.00,3.0,0.4400,4.5600,15.1000,18.1192,1.5200,4.0596,5.1333,3.2000,4.1991,
5.00,3.5,0.5133,4.4867,16.4000,16.4146,1.2819,3.2073,3.5460,3.1083,3.2771,
5.00,4.0,0.5867,4.4133,17.7000,14.9605,1.1033,2.4802,2.3556,3.0167,2.5295,
5.00,4.5,0.6600,4.3400,19.0000,13.7053,0.9644,1.8526,1.4296,2.9250,1.9077,
5.00,5.0,0.7333,4.2667,20.3000,12.6108,0.8533,1.3054,0.6889,2.8333,1.3805,
5.00,5.5,0.8067,4.1933,21.4000,11.7570,0.7624,0.8785,0.0828,2.7417,0.9591,
5.00,6.0,0.8800,4.1200,22.5000,10.9867,0.6867,0.4933,0.0000,2.6500,0.6935,
5.00,6.5,0.9533,4.0467,23.6000,10.2881,0.6226,0.1441,0.0000,2.5583,0.4702,
5.00,7.0,1.0267,3.9733,24.7000,9.6518,0.5676,0.0000,0.0000,2.4667,0.3700,
5.00,7.5,1.1000,3.9000,25.8000,9.0698,0.5200,0.0000,0.0000,2.3750,0.3563,
5.00,8.0,1.1733,3.8267,26.9000,8.5353,0.4783,0.0000,0.0000,2.2833,0.3425,
5.00,8.5,1.2467,3.7533,27.8000,8.1007,0.4416,0.0000,0.0000,2.1917,0.3287,
5.00,9.0,1.3200,3.6800,28.7000,7.6934,0.4089,0.0000,0.0000,2.1000,0.3150,
5.00,9.5,1.3933,3.6067,29.6000,7.3108,0.3796,0.0000,0.0000,2.0083,0.3012,
5.00,10.0,1.4667,3.5333,30.5000,6.9508,0.3533,0.0000,0.0000,1.9167,0.2875,
5.00,10.5,1.5400,3.4600,31.4000,6.6115,0.3295,0.0000,0.0000,1.8250,0.2738,
5.00,11.0,1.6133,3.3867,32.3000,6.2910,0.3079,0.0000,0.0000,1.7333,0.2600,
5.00,11.5,1.6867,3.3133,33.2000,5.9880,0.2881,0.0000,0.0000,1.6417,0.2462,
5.00,12.0,1.7600,3.2400,34.1000,5.7009,0.2700,0.0000,0.0000,1.5500,0.2325,
5.00,12.5,1.8333,3.1667,34.9000,5.4441,0.2533,0.0000,0.0000,1.4583,0.2187,
5.00,13.0,1.9067,3.0933,35.7000,5.1989,0.2379,0.0000,0.0000,1.3667,0.2050,
5.00,13.5,1.9800,3.0200,36.5000,4.9644,0.2237,0.0000,0.0000,1.2750,0.1912,
5.00,14.0,2.0533,2.9467,37.3000,4.7399,0.2105,0.0000,0.0000,1.1833,0.1775,
5.00,14.5,2.1267,2.8733,38.1000,4.5249,0.1982,0.0000,0.0000,1.0917,0.1637,
5.00,15.0,2.2000,2.8000,38.9000,4.3188,0.1867,0.0000,0.0000,1.0000,0.1500,
5.00,15.5,2.2733,2.7267,39.7000,4.1209,0.1759,0.0000,0.0000,0.9083,0.1362,
5.00,16.0,2.3467,2.6533,40.5000,3.9309,0.1658,0.0000,0.0000,0.8167,0.1225,
5.00,16.5,2.4200,2.5800,41.3000,3.7482,0.1564,0.0000,0.0000,0.7250,0.1087,
5.00,17.0,2.4933,2.5067,42.1000,3.5724,0.1475,0.0000,0.0000,0.6333,0.0950,
5.00,17.5,2.5667,2.4333,42.9000,3.4033,0.1390,0.0000,0.0000,0.5417,0.0812,
5.00,18.0,2.6400,2.3600,43.7000,3.2403,0.1311,0.0000,0.0000,0.4500,0.0675,
5.00,18.5,2.7133,2.2867,44.5000,3.0831,0.1236,0.0000,0.0000,0.3583,0.0537,
5.00,19.0,2.7867,2.2133,45.3000,2.9316,0.1165,0.0000,0.0000,0.2667,0.0400,
5.00,19.5,2.8600,2.1400,46.1000,2.7852,0.1097,0.0000,0.0000,0.1750,0.0262,
5.00,20.0,2.9333,2.0667,46.9000,2.6439,0.1033,0.0000,0.0000,0.0833,0.0125,
5.50,0.5,0.0733,5.4267,8.0000,40.7000,10.8533,10.0000,10.0000,4.2833,9.1425,
5.50,1.0,0.1467,5.3533,9.5000,33.8105,5.3533,10.0000,10.0000,4.1917,9.1288,
5.50,1.5,0.2200,5.2800,11.0000,28.8000,3.5200,9.4000,10.0000,4.1000,8.7550,
5.50,2.0,0.2933,5.2067,12.5000,24.9920,2.6033,7.4960,10.0000,4.0083,7.5989,
5.50,2.5,0.3667,5.1333,13.8000,22.3188,2.0533,6.1594,8.6889,3.9167,6.4554,
5.50,3.0,0.4400,5.0600,15.1000,20.1060,1.6867,5.0530,6.2444,3.8250,5.1666,
5.50,3.5,0.5133,4.9867,16.4000,18.2439,1.4248,4.1220,4.4984,3.7333,4.1578,
5.50,4.0,0.5867,4.9133,17.7000,16.6554,1.2283,3.3277,3.1889,3.6417,3.3401,
5.50,4.5,0.6600,4.8400,19.0000,15.2842,1.0756,2.6421,2.1704,3.5500,2.6604,
5.50,5.0,0.7333,4.7667,20.3000,14.0887,0.9533,2.0443,1.3556,3.4583,2.0842,
5.50,5.5,0.8067,4.6933,21.4000,13.1589,0.8533,1.5794,0.6889,3.3667,1.6249,
5.50,6.0,0.8800,4.6200,22.5000,12.3200,0.7700,1.1600,0.1333,3.2750,1.2206,
5.50,6.5,0.9533,4.5467,23.6000,11.5593,0.6995,0.7797,0.0000,3.1833,0.9453,
5.50,7.0,1.0267,4.4733,24.7000,10.8664,0.6390,0.4332,0.0000,3.0917,0.7237,
5.50,7.5,1.1000,4.4000,25.8000,10.2326,0.5867,0.1163,0.0000,3.0000,0.5198,
5.50,8.0,1.1733,4.3267,26.9000,9.6506,0.5408,0.0000,0.0000,2.9083,0.4362,
5.50,8.5,1.2467,4.2533,27.8000,9.1799,0.5004,0.0000,0.0000,2.8167,0.4225,
5.50,9.0,1.3200,4.1800,28.7000,8.7387,0.4644,0.0000,0.0000,2.7250,0.4087,
5.50,9.5,1.3933,4.1067,29.6000,8.3243,0.4323,0.0000,0.0000,2.6333,0.3950,
5.50,10.0,1.4667,4.0333,30.5000,7.9344,0.4033,0.0000,0.0000,2.5417,0.3813,
5.50,10.5,1.5400,3.9600,31.4000,7.5669,0.3771,0.0000,0.0000,2.4500,0.3675,
5.50,11.0,1.6133,3.8867,32.3000,7.2198,0.3533,0.0000,0.0000,2.3583,0.3538,
5.50,11.5,1.6867,3.8133,33.2000,6.8916,0.3316,0.0000,0.0000,2.2667,0.3400,
5.50,12.0,1.7600,3.7400,34.1000,6.5806,0.3117,0.0000,0.0000,2.1750,0.3263,
5.50,12.5,1.8333,3.6667,34.9000,6.3037,0.2933,0.0000,0.0000,2.0833,0.3125,
5.50,13.0,1.9067,3.5933,35.7000,6.0392,0.2764,0.0000,0.0000,1.9917,0.2987,
5.50,13.5,1.9800,3.5200,36.5000,5.7863,0.2607,0.0000,0.0000,1.9000,0.2850,
5.50,14.0,2.0533,3.4467,37.3000,5.5442,0.2462,0.0000,0.0000,1.8083,0.2712,
5.50,14.5,2.1267,3.3733,38.1000,5.3123,0.2326,0.0000,0.0000,1.7167,0.2575,
5.50,15.0,2.2000,3.3000,38.9000,5.0900,0.2200,0.0000,0.0000,1.6250,0.2437,
5.50,15.5,2.2733,3.2267,39.7000,4.8766,0.2082,0.0000,0.0000,1.5333,0.2300,
5.50,16.0,2.3467,3.1533,40.5000,4.6716,0.1971,0.0000,0.0000,1.4417,0.2163,
5.50,16.5,2.4200,3.0800,41.3000,4.4746,0.1867,0.0000,0.0000,1.3500,0.2025,
5.50,17.0,2.4933,3.0067,42.1000,4.2850,0.1769,0.0000,0.0000,1.2583,0.1887,
5.50,17.5,2.5667,2.9333,42.9000,4.1026,0.1676,0.0000,0.0000,1.1667,0.1750,
5.50,18.0,2.6400,2.8600,43.7000,3.9268,0.1589,0.0000,0.0000,1.0750,0.1612,
5.50,18.5,2.7133,2.7867,44.5000,3.7573,0.1506,0.0000,0.0000,0.9833,0.1475,
5.50,19.0,2.7867,2.7133,45.3000,3.5938,0.1428,0.0000,0.0000,0.8917,0.1338,
5.50,19.5,2.8600,2.6400,46.1000,3.4360,0.1354,0.0000,0.0000,0.8000,0.1200,
5.50,20.0,2.9333,2.5667,46.9000,3.2836,0.1283,0.0000,0.0000,0.7083,0.1062,
6.00,0.5,0.0733,5.9267,8.0000,44.4500,11.8533,10.0000,10.0000,4.9083,9.2363,
6.00,1.0,0.1467,5.8533,9.5000,36.9684,5.8533,10.0000,10.0000,4.8167,9.2225,
6.00,1.5,0.2200,5.7800,11.0000,31.5273,3.8533,10.0000,10.0000,4.7250,9.2088,
6.00,2.0,0.2933,5.7067,12.5000,27.3920,2.8533,8.6960,10.0000,4.6333,8.4126,
6.00,2.5,0.3667,5.6333,13.8000,24.4928,2.2533,7.2464,10.0000,4.5417,7.5291,
6.00,3.0,0.4400,5.5600,15.1000,22.0927,1.8533,6.0464,7.3556,4.4500,6.1342,
6.00,3.5,0.5133,5.4867,16.4000,20.0732,1.5676,5.0366,5.4508,4.3583,5.0384,
6.00,4.0,0.5867,5.4133,17.7000,18.3503,1.3533,4.1751,4.0222,4.2667,4.1506,
6.00,4.5,0.6600,5.3400,19.0000,16.8632,1.1867,3.4316,2.9111,4.1750,3.4130,
6.00,5.0,0.7333,5.2667,20.3000,15.5665,1.0533,2.7833,2.0222,4.0833,2.7880,
6.00,5.5,0.8067,5.1933,21.4000,14.5607,0.9442,2.2804,1.2949,3.9917,2.2907,
6.00,6.0,0.8800,5.1200,22.5000,13.6533,0.8533,1.8267,0.6889,3.9000,1.8532,
6.00,6.5,0.9533,5.0467,23.6000,12.8305,0.7764,1.4153,0.1761,3.8083,1.4644,
6.00,7.0,1.0267,4.9733,24.7000,12.0810,0.7105,1.0405,0.0000,3.7167,1.1818,
6.00,7.5,1.1000,4.9000,25.8000,11.3953,0.6533,0.6977,0.0000,3.6250,0.9624,
6.00,8.0,1.1733,4.8267,26.9000,10.7658,0.6033,0.3829,0.0000,3.5333,0.7597,
6.00,8.5,1.2467,4.7533,27.8000,10.2590,0.5592,0.1295,0.0000,3.4417,0.5939,
6.00,9.0,1.3200,4.6800,28.7000,9.7840,0.5200,0.0000,0.0000,3.3500,0.5025,
6.00,9.5,1.3933,4.6067,29.6000,9.3378,0.4849,0.0000,0.0000,3.2583,0.4887,
6.00,10.0,1.4667,4.5333,30.5000,8.9180,0.4533,0.0000,0.0000,3.1667,0.4750,
6.00,10.5,1.5400,4.4600,31.4000,8.5223,0.4248,0.0000,0.0000,3.0750,0.4613,
6.00,11.0,1.6133,4.3867,32.3000,8.1486,0.3988,0.0000,0.0000,2.9833,0.4475,
6.00,11.5,1.6867,4.3133,33.2000,7.7952,0.3751,0.0000,0.0000,2.8917,0.4337,
6.00,12.0,1.7600,4.2400,34.1000,7.4604,0.3533,0.0000,0.0000,2.8000,0.4200,
6.00,12.5,1.8333,4.1667,34.9000,7.1633,0.3333,0.0000,0.0000,2.7083,0.4062,
6.00,13.0,1.9067,4.0933,35.7000,6.8796,0.3149,0.0000,0.0000,2.6167,0.3925,
6.00,13.5,1.9800,4.0200,36.5000,6.6082,0.2978,0.0000,0.0000,2.5250,0.3787,
6.00,14.0,2.0533,3.9467,37.3000,6.3485,0.2819,0.0000,0.0000,2.4333,0.3650,
6.00,14.5,2.1267,3.8733,38.1000,6.0997,0.2671,0.0000,0.0000,2.3417,0.3512,
6.00,15.0,2.2000,3.8000,38.9000,5.8612,0.2533,0.0000,0.0000,2.2500,0.3375,
6.00,15.5,2.2733,3.7267,39.7000,5.6322,0.2404,0.0000,0.0000,2.1583,0.3237,
6.00,16.0,2.3467,3.6533,40.5000,5.4123,0.2283,0.0000,0.0000,2.0667,0.3100,
6.00,16.5,2.4200,3.5800,41.3000,5.2010,0.2170,0.0000,0.0000,1.9750,0.2962,
6.00,17.0,2.4933,3.5067,42.1000,4.9976,0.2063,0.0000,0.0000,1.8833,0.2825,
6.00,17.5,2.5667,3.4333,42.9000,4.8019,0.1962,0.0000,0.0000,1.7917,0.2688,
6.00,18.0,2.6400,3.3600,43.7000,4.6133,0.1867,0.0000,0.0000,1.7000,0.2550,
6.00,18.5,2.7133,3.2867,44.5000,4.4315,0.1777,0.0000,0.0000,1.6083,0.2412,
6.00,19.0,2.7867,3.2133,45.3000,4.2561,0.1691,0.0000,0.0000,1.5167,0.2275,
6.00,19.5,2.8600,3.1400,46.1000,4.0868,0.1610,0.0000,0.0000,1.4250,0.2137,
6.00,20.0,2.9333,3.0667,46.9000,3.9232,0.1533,0.0000,0.0000,1.3333,0.2000,
6.50,0.5,0.0733,6.4267,8.0000,48.2000,12.8533,10.0000,10.0000,5.5333,9.3300,
6.50,1.0,0.1467,6.3533,9.5000,40.1263,6.3533,10.0000,10.0000,5.4417,9.3163,
6.50,1.5,0.2200,6.2800,11.0000,34.2545,4.1867,10.0000,10.0000,5.3500,9.3025,
6.50,2.0,0.2933,6.2067,12.5000,29.7920,3.1033,9.8960,10.0000,5.2583,9.2264,
6.50,2.5,0.3667,6.1333,13.8000,26.6667,2.4533,8.3333,10.0000,5.1667,8.2750,
6.50,3.0,0.4400,6.0600,15.1000,24.0795,2.0200,7.0397,8.4667,5.0750,7.1018,
6.50,3.5,0.5133,5.9867,16.4000,21.9024,1.7105,5.9512,6.4032,4.9833,5.9190,
6.50,4.0,0.5867,5.9133,17.7000,20.0452,1.4783,5.0226,4.8556,4.8917,4.9612,
6.50,4.5,0.6600,5.8400,19.0000,18.4421,1.2978,4.2211,3.6519,4.8000,4.1656,
6.50,5.0,0.7333,5.7667,20.3000,17.0443,1.1533,3.5222,2.6889,4.7083,3.4918,
6.50,5.5,0.8067,5.6933,21.4000,15.9626,1.0352,2.9813,1.9010,4.6167,2.9565,
6.50,6.0,0.8800,5.6200,22.5000,14.9867,0.9367,2.4933,1.2444,4.5250,2.4859,
6.50,6.5,0.9533,5.5467,23.6000,14.1017,0.8533,2.0508,0.6889,4.4333,2.0677,
6.50,7.0,1.0267,5.4733,24.7000,13.2955,0.7819,1.6478,0.2127,4.3417,1.6931,
6.50,7.5,1.1000,5.4000,25.8000,12.5581,0.7200,1.2791,0.0000,4.2500,1.4049,
6.50,8.0,1.1733,5.3267,26.9000,11.8810,0.6658,0.9405,0.0000,4.1583,1.1881,
6.50,8.5,1.2467,5.2533,27.8000,11.3381,0.6180,0.6691,0.0000,4.0667,1.0114,
6.50,9.0,1.3200,5.1800,28.7000,10.8293,0.5756,0.4146,0.0000,3.9750,0.8450,
6.50,9.5,1.3933,5.1067,29.6000,10.3514,0.5375,0.1757,0.0000,3.8833,0.6879,
6.50,10.0,1.4667,5.0333,30.5000,9.9016,0.5033,0.0000,0.0000,3.7917,0.5688,
6.50,10.5,1.5400,4.9600,31.4000,9.4777,0.4724,0.0000,0.0000,3.7000,0.5550,
6.50,11.0,1.6133,4.8867,32.3000,9.0774,0.4442,0.0000,0.0000,3.6083,0.5413,
6.50,11.5,1.6867,4.8133,33.2000,8.6988,0.4186,0.0000,0.0000,3.5167,0.5275,
6.50,12.0,1.7600,4.7400,34.1000,8.3402,0.3950,0.0000,0.0000,3.4250,0.5138,
6.50,12.5,1.8333,4.6667,34.9000,8.0229,0.3733,0.0000,0.0000,3.3333,0.5000,
6.50,13.0,1.9067,4.5933,35.7000,7.7199,0.3533,0.0000,0.0000,3.2417,0.4862,
6.50,13.5,1.9800,4.5200,36.5000,7.4301,0.3348,0.0000,0.0000,3.1500,0.4725,
6.50,14.0,2.0533,4.4467,37.3000,7.1528,0.3176,0.0000,0.0000,3.0583,0.4587,
6.50,14.5,2.1267,4.3733,38.1000,6.8871,0.3016,0.0000,0.0000,2.9667,0.4450,
6.50,15.0,2.2000,4.3000,38.9000,6.6324,0.2867,0.0000,0.0000,2.8750,0.4312,
6.50,15.5,2.2733,4.2267,39.7000,6.3879,0.2727,0.0000,0.0000,2.7833,0.4175,
6.50,16.0,2.3467,4.1533,40.5000,6.1531,0.2596,0.0000,0.0000,2.6917,0.4037,
6.50,16.5,2.4200,4.0800,41.3000,5.9274,0.2473,0.0000,0.0000,2.6000,0.3900,
6.50,17.0,2.4933,4.0067,42.1000,5.7102,0.2357,0.0000,0.0000,2.5083,0.3762,
6.50,17.5,2.5667,3.9333,42.9000,5.5012,0.2248,0.0000,0.0000,2.4167,0.3625,
6.50,18.0,2.6400,3.8600,43.7000,5.2998,0.2144,0.0000,0.0000,2.3250,0.3487,
6.50,18.5,2.7133,3.7867,44.5000,5.1056,0.2047,0.0000,0.0000,2.2333,0.3350,
6.50,19.0,2.7867,3.7133,45.3000,4.9183,0.1954,0.0000,0.0000,2.1417,0.3213,
6.50,19.5,2.8600,3.6400,46.1000,4.7375,0.1867,0.0000,0.0000,2.0500,0.3075,
6.50,20.0,2.9333,3.5667,46.9000,4.5629,0.1783,0.0000,0.0000,1.9583,0.2937,
7.00,0.5,0.0733,6.9267,8.0000,51.9500,13.8533,10.0000,10.0000,6.1583,9.4238,
7.00,1.0,0.1467,6.8533,9.5000,43.2842,6.8533,10.0000,10.0000,6.0667,9.4100,
7.00,1.5,0.2200,6.7800,11.0000,36.9818,4.5200,10.0000,10.0000,5.9750,9.3963,
7.00,2.0,0.2933,6.7067,12.5000,32.1920,3.3533,10.0000,10.0000,5.8833,9.3825,
7.00,2.5,0.3667,6.6333,13.8000,28.8406,2.6533,9.4203,10.0000,5.7917,9.0209,
7.00,3.0,0.4400,6.5600,15.1000,26.0662,2.1867,8.0331,9.5778,5.7000,8.0693,
7.00,3.5,0.5133,6.4867,16.4000,23.7317,1.8533,6.8659,7.3556,5.6083,6.7997,
7.00,4.0,0.5867,6.4133,17.7000,21.7401,1.6033,5.8701,5.6889,5.5167,5.7718,
7.00,4.5,0.6600,6.3400,19.0000,20.0211,1.4089,5.0105,4.3926,5.4250,4.9182,
7.00,5.0,0.7333,6.2667,20.3000,18.5222,1.2533,4.2611,3.3556,5.3333,4.1955,
7.00,5.5,0.8067,6.1933,21.4000,17.3645,1.1261,3.6822,2.5071,5.2417,3.6224,
7.00,6.0,0.8800,6.1200,22.5000,16.3200,1.0200,3.1600,1.8000,5.1500,3.1185,
7.00,6.5,0.9533,6.0467,23.6000,15.3729,0.9303,2.6864,1.2017,5.0583,2.6710,
7.00,7.0,1.0267,5.9733,24.7000,14.5101,0.8533,2.2551,0.6889,4.9667,2.2703,
7.00,7.5,1.1000,5.9000,25.8000,13.7209,0.7867,1.8605,0.2444,4.8750,1.9086,
7.00,8.0,1.1733,5.8267,26.9000,12.9963,0.7283,1.4981,0.0000,4.7833,1.6164,
7.00,8.5,1.2467,5.7533,27.8000,12.4173,0.6769,1.2086,0.0000,4.6917,1.4289,
7.00,9.0,1.3200,5.6800,28.7000,11.8746,0.6311,0.9373,0.0000,4.6000,1.2524,
7.00,9.5,1.3933,5.6067,29.6000,11.3649,0.5902,0.6824,0.0000,4.5083,1.0857,
7.00,10.0,1.4667,5.5333,30.5000,10.8852,0.5533,0.4426,0.0000,4.4167,0.9281,
7.00,10.5,1.5400,5.4600,31.4000,10.4331,0.5200,0.2166,0.0000,4.3250,0.7787,
7.00,11.0,1.6133,5.3867,32.3000,10.0062,0.4897,0.0031,0.0000,4.2333,0.6369,
7.00,11.5,1.6867,5.3133,33.2000,9.6024,0.4620,0.0000,0.0000,4.1417,0.6212,
7.00,12.0,1.7600,5.2400,34.1000,9.2199,0.4367,0.0000,0.0000,4.0500,0.6075,
7.00,12.5,1.8333,5.1667,34.9000,8.8825,0.4133,0.0000,0.0000,3.9583,0.5937,
7.00,13.0,1.9067,5.0933,35.7000,8.5602,0.3918,0.0000,0.0000,3.8667,0.5800,
7.00,13.5,1.9800,5.0200,36.5000,8.2521,0.3719,0.0000,0.0000,3.7750,0.5662,
7.00,14.0,2.0533,4.9467,37.3000,7.9571,0.3533,0.0000,0.0000,3.6833,0.5525,
7.00,14.5,2.1267,4.8733,38.1000,7.6745,0.3361,0.0000,0.0000,3.5917,0.5388,
7.00,15.0,2.2000,4.8000,38.9000,7.4036,0.3200,0.0000,0.0000,3.5000,0.5250,
7.00,15.5,2.2733,4.7267,39.7000,7.1436,0.3049,0.0000,0.0000,3.4083,0.5113,
7.00,16.0,2.3467,4.6533,40.5000,6.8938,0.2908,0.0000,0.0000,3.3167,0.4975,
7.00,16.5,2.4200,4.5800,41.3000,6.6538,0.2776,0.0000,0.0000,3.2250,0.4838,
7.00,17.0,2.4933,4.5067,42.1000,6.4228,0.2651,0.0000,0.0000,3.1333,0.4700,
7.00,17.5,2.5667,4.4333,42.9000,6.2005,0.2533,0.0000,0.0000,3.0417,0.4563,
7.00,18.0,2.6400,4.3600,43.7000,5.9863,0.2422,0.0000,0.0000,2.9500,0.4425,
7.00,18.5,2.7133,4.2867,44.5000,5.7798,0.2317,0.0000,0.0000,2.8583,0.4287,
7.00,19.0,2.7867,4.2133,45.3000,5.5806,0.2218,0.0000,0.0000,2.7667,0.4150,
7.00,19.5,2.8600,4.1400,46.1000,5.3883,0.2123,0.0000,0.0000,2.6750,0.4012,
7.00,20.0,2.9333,4.0667,46.9000,5.2026,0.2033,0.0000,0.0000,2.5833,0.3875,
7.50,0.5,0.0733,7.4267,8.0000,55.7000,14.8533,10.0000,10.0000,6.7833,9.5175,
7.50,1.0,0.1467,7.3533,9.5000,46.4421,7.3533,10.0000,10.0000,6.6917,9.5038,
7.50,1.5,0.2200,7.2800,11.0000,39.7091,4.8533,10.0000,10.0000,6.6000,9.4900,
7.50,2.0,0.2933,7.2067,12.5000,34.5920,3.6033,10.0000,10.0000,6.5083,9.4763,
7.50,2.5,0.3667,7.1333,13.8000,31.0145,2.8533,10.0000,10.0000,6.4167,9.4625,
7.50,3.0,0.4400,7.0600,15.1000,28.0530,2.3533,9.0265,10.0000,6.3250,8.8646,
7.50,3.5,0.5133,6.9867,16.4000,25.5610,1.9962,7.7805,8.3079,6.2333,7.6803,
7.50,4.0,0.5867,6.9133,17.7000,23.4350,1.7283,6.7175,6.5222,6.1417,6.5823,
7.50,4.5,0.6600,6.8400,19.0000,21.6000,1.5200,5.8000,5.1333,6.0500,5.6708,
7.50,5.0,0.7333,6.7667,20.3000,20.0000,1.3533,5.0000,4.0222,5.9583,4.8993,
7.50,5.5,0.8067,6.6933,21.4000,18.7664,1.2170,4.3832,3.1131,5.8667,4.2882,
7.50,6.0,0.8800,6.6200,22.5000,17.6533,1.1033,3.8267,2.3556,5.7750,3.7511,
7.50,6.5,0.9533,6.5467,23.6000,16.6441,1.0072,3.3220,1.7145,5.6833,3.2744,
7.50,7.0,1.0267,6.4733,24.7000,15.7247,0.9248,2.8623,1.1651,5.5917,2.8474,
7.50,7.5,1.1000,6.4000,25.8000,14.8837,0.8533,2.4419,0.6889,5.5000,2.4623,
7.50,8.0,1.1733,6.3267,26.9000,14.1115,0.7908,2.0558,0.2722,5.4083,2.1128,
7.50,8.5,1.2467,6.2533,27.8000,13.4964,0.7357,1.7482,0.0000,5.3167,1.8464,
7.50,9.0,1.3200,6.1800,28.7000,12.9199,0.6867,1.4599,0.0000,5.2250,1.6597,
7.50,9.5,1.3933,6.1067,29.6000,12.3784,0.6428,1.1892,0.0000,5.1333,1.4835,
7.50,10.0,1.4667,6.0333,30.5000,11.8689,0.6033,0.9344,0.0000,5.0417,1.3169,
7.50,10.5,1.5400,5.9600,31.4000,11.3885,0.5676,0.6943,0.0000,4.9500,1.1591,
7.50,11.0,1.6133,5.8867,32.3000,10.9350,0.5352,0.4675,0.0000,4.8583,1.0092,
7.50,11.5,1.6867,5.8133,33.2000,10.5060,0.5055,0.2530,0.0000,4.7667,0.8668,
7.50,12.0,1.7600,5.7400,34.1000,10.0997,0.4783,0.0499,0.0000,4.6750,0.7312,
7.50,12.5,1.8333,5.6667,34.9000,9.7421,0.4533,0.0000,0.0000,4.5833,0.6875,
7.50,13.0,1.9067,5.5933,35.7000,9.4006,0.4303,0.0000,0.0000,4.4917,0.6738,
7.50,13.5,1.9800,5.5200,36.5000,9.0740,0.4089,0.0000,0.0000,4.4000,0.6600,
7.50,14.0,2.0533,5.4467,37.3000,8.7614,0.3890,0.0000,0.0000,4.3083,0.6462,
7.50,14.5,2.1267,5.3733,38.1000,8.4619,0.3706,0.0000,0.0000,4.2167,0.6325,
7.50,15.0,2.2000,5.3000,38.9000,8.1748,0.3533,0.0000,0.0000,4.1250,0.6188,
7.50,15.5,2.2733,5.2267,39.7000,7.8992,0.3372,0.0000,0.0000,4.0333,0.6050,
7.50,16.0,2.3467,5.1533,40.5000,7.6346,0.3221,0.0000,0.0000,3.9417,0.5912,
7.50,16.5,2.4200,5.0800,41.3000,7.3801,0.3079,0.0000,0.0000,3.8500,0.5775,
7.50,17.0,2.4933,5.0067,42.1000,7.1354,0.2945,0.0000,0.0000,3.7583,0.5637,
7.50,17.5,2.5667,4.9333,42.9000,6.8998,0.2819,0.0000,0.0000,3.6667,0.5500,
7.50,18.0,2.6400,4.8600,43.7000,6.6728,0.2700,0.0000,0.0000,3.5750,0.5362,
7.50,18.5,2.7133,4.7867,44.5000,6.4539,0.2587,0.0000,0.0000,3.4833,0.5225,
7.50,19.0,2.7867,4.7133,45.3000,6.2428,0.2481,0.0000,0.0000,3.3917,0.5087,
7.50,19.5,2.8600,4.6400,46.1000,6.0390,0.2379,0.0000,0.0000,3.3000,0.4950,
7.50,20.0,2.9333,4.5667,46.9000,5.8422,0.2283,0.0000,0.0000,3.2083,0.4812,
8.00,0.5,0.0733,7.9267,8.0000,59.4500,15.8533,10.0000,10.0000,7.4083,9.6113,
8.00,1.0,0.1467,7.8533,9.5000,49.6000,7.8533,10.0000,10.0000,7.3167,9.5975,
8.00,1.5,0.2200,7.7800,11.0000,42.4364,5.1867,10.0000,10.0000,7.2250,9.5838,
8.00,2.0,0.2933,7.7067,12.5000,36.9920,3.8533,10.0000,10.0000,7.1333,9.5700,
8.00,2.5,0.3667,7.6333,13.8000,33.1884,3.0533,10.0000,10.0000,7.0417,9.5563,
8.00,3.0,0.4400,7.5600,15.1000,30.0397,2.5200,10.0000,10.0000,6.9500,9.5425,
8.00,3.5,0.5133,7.4867,16.4000,27.3902,2.1390,8.6951,9.2603,6.8583,8.5609,
8.00,4.0,0.5867,7.4133,17.7000,25.1299,1.8533,7.5650,7.3556,6.7667,7.3929,
8.00,4.5,0.6600,7.3400,19.0000,23.1789,1.6311,6.5895,5.8741,6.6750,6.4235,
8.00,5.0,0.7333,7.2667,20.3000,21.4778,1.4533,5.7389,4.6889,6.5833,5.6031,
8.00,5.5,0.8067,7.1933,21.4000,20.1682,1.3079,5.0841,3.7192,6.4917,4.9540,
8.00,6.0,0.8800,7.1200,22.5000,18.9867,1.1867,4.4933,2.9111,6.4000,4.3838,
8.00,6.5,0.9533,7.0467,23.6000,17.9153,1.0841,3.9576,2.2274,6.3083,3.8777,
8.00,7.0,1.0267,6.9733,24.7000,16.9393,0.9962,3.4696,1.6413,6.2167,3.4246,
8.00,7.5,1.1000,6.9000,25.8000,16.0465,0.9200,3.0233,1.1333,6.1250,3.0160,
8.00,8.0,1.1733,6.8267,26.9000,15.2268,0.8533,2.6134,0.6889,6.0333,2.6453,
8.00,8.5,1.2467,6.7533,27.8000,14.5755,0.7945,2.2878,0.2967,5.9417,2.3381,
8.00,9.0,1.3200,6.6800,28.7000,13.9652,0.7422,1.9826,0.0000,5.8500,2.0670,
8.00,9.5,1.3933,6.6067,29.6000,13.3919,0.6954,1.6959,0.0000,5.7583,1.8813,
8.00,10.0,1.4667,6.5333,30.5000,12.8525,0.6533,1.4262,0.0000,5.6667,1.7057,
8.00,10.5,1.5400,6.4600,31.4000,12.3439,0.6152,1.1720,0.0000,5.5750,1.5394,
8.00,11.0,1.6133,6.3867,32.3000,11.8638,0.5806,0.9319,0.0000,5.4833,1.3816,
8.00,11.5,1.6867,6.3133,33.2000,11.4096,0.5490,0.7048,0.0000,5.3917,1.2316,
8.00,12.0,1.7600,6.2400,34.1000,10.9795,0.5200,0.4897,0.0000,5.3000,1.0888,
8.00,12.5,1.8333,6.1667,34.9000,10.6017,0.4933,0.3009,0.0000,5.2083,0.9618,
8.00,13.0,1.9067,6.0933,35.7000,10.2409,0.4687,0.1204,0.0000,5.1167,0.8398,
8.00,13.5,1.9800,6.0200,36.5000,9.8959,0.4459,0.0000,0.0000,5.0250,0.7537,
8.00,14.0,2.0533,5.9467,37.3000,9.5657,0.4248,0.0000,0.0000,4.9333,0.7400,
8.00,14.5,2.1267,5.8733,38.1000,9.2493,0.4051,0.0000,0.0000,4.8417,0.7263,
8.00,15.0,2.2000,5.8000,38.9000,8.9460,0.3867,0.0000,0.0000,4.7500,0.7125,
8.00,15.5,2.2733,5.7267,39.7000,8.6549,0.3695,0.0000,0.0000,4.6583,0.6988,
8.00,16.0,2.3467,5.6533,40.5000,8.3753,0.3533,0.0000,0.0000,4.5667,0.6850,
8.00,16.5,2.4200,5.5800,41.3000,8.1065,0.3382,0.0000,0.0000,4.4750,0.6712,
8.00,17.0,2.4933,5.5067,42.1000,7.8480,0.3239,0.0000,0.0000,4.3833,0.6575,
8.00,17.5,2.5667,5.4333,42.9000,7.5991,0.3105,0.0000,0.0000,4.2917,0.6438,
8.00,18.0,2.6400,5.3600,43.7000,7.3593,0.2978,0.0000,0.0000,4.2000,0.6300,
8.00,18.5,2.7133,5.2867,44.5000,7.1281,0.2858,0.0000,0.0000,4.1083,0.6162,
8.00,19.0,2.7867,5.2133,45.3000,6.9051,0.2744,0.0000,0.0000,4.0167,0.6025,
8.00,19.5,2.8600,5.1400,46.1000,6.6898,0.2636,0.0000,0.0000,3.9250,0.5888,
8.00,20.0,2.9333,5.0667,46.9000,6.4819,0.2533,0.0000,0.0000,3.8333,0.5750,
8.50,0.5,0.0733,8.4267,8.0000,63.2000,16.8533,10.0000,10.0000,8.0333,9.7050,
8.50,1.0,0.1467,8.3533,9.5000,52.7579,8.3533,10.0000,10.0000,7.9417,9.6913,
8.50,1.5,0.2200,8.2800,11.0000,45.1636,5.5200,10.0000,10.0000,7.8500,9.6775,
8.50,2.0,0.2933,8.2067,12.5000,39.3920,4.1033,10.0000,10.0000,7.7583,9.6638,
8.50,2.5,0.3667,8.1333,13.8000,35.3623,3.2533,10.0000,10.0000,7.6667,9.6500,
8.50,3.0,0.4400,8.0600,15.1000,32.0265,2.6867,10.0000,10.0000,7.5750,9.6363,
8.50,3.5,0.5133,7.9867,16.4000,29.2195,2.2819,9.6098,10.0000,7.4833,9.3884,
8.50,4.0,0.5867,7.9133,17.7000,26.8249,1.9783,8.4124,8.1889,7.3917,8.2034,
8.50,4.5,0.6600,7.8400,19.0000,24.7579,1.7422,7.3789,6.6148,7.3000,7.1761,
8.50,5.0,0.7333,7.7667,20.3000,22.9557,1.5533,6.4778,5.3556,7.2083,6.3068,
8.50,5.5,0.8067,7.6933,21.4000,21.5701,1.3988,5.7850,4.3253,7.1167,5.6198,
8.50,6.0,0.8800,7.6200,22.5000,20.3200,1.2700,5.1600,3.4667,7.0250,5.0164,
8.50,6.5,0.9533,7.5467,23.6000,19.1864,1.1610,4.5932,2.7402,6.9333,4.4810,
8.50,7.0,1.0267,7.4733,24.7000,18.1538,1.0676,4.0769,2.1175,6.8417,4.0018,
8.50,7.5,1.1000,7.4000,25.8000,17.2093,0.9867,3.6047,1.5778,6.7500,3.5697,
8.50,8.0,1.1733,7.3267,26.9000,16.3420,0.9158,3.1710,1.1056,6.6583,3.1777,
8.50,8.5,1.2467,7.2533,27.8000,15.6547,0.8533,2.8273,0.6889,6.5667,2.8536,
8.50,9.0,1.3200,7.1800,28.7000,15.0105,0.7978,2.5052,0.3185,6.4750,2.5540,
8.50,9.5,1.3933,7.1067,29.6000,14.4054,0.7481,2.2027,0.0000,6.3833,2.2791,
8.50,10.0,1.4667,7.0333,30.5000,13.8361,0.7033,1.9180,0.0000,6.2917,2.0946,
8.50,10.5,1.5400,6.9600,31.4000,13.2994,0.6629,1.6497,0.0000,6.2000,1.9198,
8.50,11.0,1.6133,6.8867,32.3000,12.7926,0.6261,1.3963,0.0000,6.1083,1.7540,
8.50,11.5,1.6867,6.8133,33.2000,12.3133,0.5925,1.1566,0.0000,6.0167,1.5965,
8.50,12.0,1.7600,6.7400,34.1000,11.8592,0.5617,0.9296,0.0000,5.9250,1.4465,
8.50,12.5,1.8333,6.6667,34.9000,11.4613,0.5333,0.7307,0.0000,5.8333,1.3134,
8.50,13.0,1.9067,6.5933,35.7000,11.0812,0.5072,0.5406,0.0000,5.7417,1.1856,
8.50,13.5,1.9800,6.5200,36.5000,10.7178,0.4830,0.3589,0.0000,5.6500,1.0628,
8.50,14.0,2.0533,6.4467,37.3000,10.3700,0.4605,0.1850,0.0000,5.5583,0.9447,
8.50,14.5,2.1267,6.3733,38.1000,10.0367,0.4395,0.0184,0.0000,5.4667,0.8310,
8.50,15.0,2.2000,6.3000,38.9000,9.7172,0.4200,0.0000,0.0000,5.3750,0.8063,
8.50,15.5,2.2733,6.2267,39.7000,9.4106,0.4017,0.0000,0.0000,5.2833,0.7925,
8.50,16.0,2.3467,6.1533,40.5000,9.1160,0.3846,0.0000,0.0000,5.1917,0.7787,
8.50,16.5,2.4200,6.0800,41.3000,8.8329,0.3685,0.0000,0.0000,5.1000,0.7650,
8.50,17.0,2.4933,6.0067,42.1000,8.5606,0.3533,0.0000,0.0000,5.0083,0.7512,
8.50,17.5,2.5667,5.9333,42.9000,8.2984,0.3390,0.0000,0.0000,4.9167,0.7375,
8.50,18.0,2.6400,5.8600,43.7000,8.0458,0.3256,0.0000,0.0000,4.8250,0.7237,
8.50,18.5,2.7133,5.7867,44.5000,7.8022,0.3128,0.0000,0.0000,4.7333,0.7100,
8.50,19.0,2.7867,5.7133,45.3000,7.5673,0.3007,0.0000,0.0000,4.6417,0.6962,
8.50,19.5,2.8600,5.6400,46.1000,7.3406,0.2892,0.0000,0.0000,4.5500,0.6825,
8.50,20.0,2.9333,5.5667,46.9000,7.1215,0.2783,0.0000,0.0000,4.4583,0.6688,
9.00,0.5,0.0733,8.9267,8.0000,66.9500,17.8533,10.0000,10.0000,8.6583,9.7988,
9.00,1.0,0.1467,8.8533,9.5000,55.9158,8.8533,10.0000,10.0000,8.5667,9.7850,
9.00,1.5,0.2200,8.7800,11.0000,47.8909,5.8533,10.0000,10.0000,8.4750,9.7713,
9.00,2.0,0.2933,8.7067,12.5000,41.7920,4.3533,10.0000,10.0000,8.3833,9.7575,
9.00,2.5,0.3667,8.6333,13.8000,37.5362,3.4533,10.0000,10.0000,8.2917,9.7438,
9.00,3.0,0.4400,8.5600,15.1000,34.0132,2.8533,10.0000,10.0000,8.2000,9.7300,
9.00,3.5,0.5133,8.4867,16.4000,31.0488,2.4248,10.0000,10.0000,8.1083,9.7163,
9.00,4.0,0.5867,8.4133,17.7000,28.5198,2.1033,9.2599,9.0222,8.0167,9.0140,
9.00,4.5,0.6600,8.3400,19.0000,26.3368,1.8533,8.1684,7.3556,7.9250,7.9287,
9.00,5.0,0.7333,8.2667,20.3000,24.4335,1.6533,7.2167,6.0222,7.8333,7.0106,
9.00,5.5,0.8067,8.1933,21.4000,22.9720,1.4897,6.4860,4.9313,7.7417,6.2857,
9.00,6.0,0.8800,8.1200,22.5000,21.6533,1.3533,5.8267,4.0222,7.6500,5.6491,
9.00,6.5,0.9533,8.0467,23.6000,20.4576,1.2379,5.2288,3.2530,7.5583,5.0843,
9.00,7.0,1.0267,7.9733,24.7000,19.3684,1.1390,4.6842,2.5937,7.4667,4.5789,
9.00,7.5,1.1000,7.9000,25.8000,18.3721,1.0533,4.1860,2.0222,7.3750,4.1234,
9.00,8.0,1.1733,7.8267,26.9000,17.4572,0.9783,3.7286,1.5222,7.2833,3.7102,
9.00,8.5,1.2467,7.7533,27.8000,16.7338,0.9122,3.3669,1.0810,7.1917,3.3692,
9.00,9.0,1.3200,7.6800,28.7000,16.0557,0.8533,3.0279,0.6889,7.1000,3.0539,
9.00,9.5,1.3933,7.6067,29.6000,15.4189,0.8007,2.7095,0.3380,7.0083,2.7614,
9.00,10.0,1.4667,7.5333,30.5000,14.8197,0.7533,2.4098,0.0222,6.9167,2.4890,
9.00,10.5,1.5400,7.4600,31.4000,14.2548,0.7105,2.1274,0.0000,6.8250,2.3002,
9.00,11.0,1.6133,7.3867,32.3000,13.7214,0.6715,1.8607,0.0000,6.7333,2.1264,
9.00,11.5,1.6867,7.3133,33.2000,13.2169,0.6359,1.6084,0.0000,6.6417,1.9613,
9.00,12.0,1.7600,7.2400,34.1000,12.7390,0.6033,1.3695,0.0000,6.5500,1.8042,
9.00,12.5,1.8333,7.1667,34.9000,12.3209,0.5733,1.1605,0.0000,6.4583,1.6650,
9.00,13.0,1.9067,7.0933,35.7000,11.9216,0.5456,0.9608,0.0000,6.3667,1.5315,
9.00,13.5,1.9800,7.0200,36.5000,11.5397,0.5200,0.7699,0.0000,6.2750,1.4032,
9.00,14.0,2.0533,6.9467,37.3000,11.1743,0.4962,0.5871,0.0000,6.1833,1.2798,
9.00,14.5,2.1267,6.8733,38.1000,10.8241,0.4740,0.4121,0.0000,6.0917,1.1610,
9.00,15.0,2.2000,6.8000,38.9000,10.4884,0.4533,0.2442,0.0000,6.0000,1.0465,
9.00,15.5,2.2733,6.7267,39.7000,10.1662,0.4340,0.0831,0.0000,5.9083,0.9361,
9.00,16.0,2.3467,6.6533,40.5000,9.8568,0.4158,0.0000,0.0000,5.8167,0.8725,
9.00,16.5,2.4200,6.5800,41.3000,9.5593,0.3988,0.0000,0.0000,5.7250,0.8587,
9.00,17.0,2.4933,6.5067,42.1000,9.2732,0.3827,0.0000,0.0000,5.6333,0.8450,
9.00,17.5,2.5667,6.4333,42.9000,8.9977,0.3676,0.0000,0.0000,5.5417,0.8313,
9.00,18.0,2.6400,6.3600,43.7000,8.7323,0.3533,0.0000,0.0000,5.4500,0.8175,
9.00,18.5,2.7133,6.2867,44.5000,8.4764,0.3398,0.0000,0.0000,5.3583,0.8037,
9.00,19.0,2.7867,6.2133,45.3000,8.2296,0.3270,0.0000,0.0000,5.2667,0.7900,
9.00,19.5,2.8600,6.1400,46.1000,7.9913,0.3149,0.0000,0.0000,5.1750,0.7763,
9.00,20.0,2.9333,6.0667,46.9000,7.7612,0.3033,0.0000,0.0000,5.0833,0.7625,
9.50,0.5,0.0733,9.4267,8.0000,70.7000,18.8533,10.0000,10.0000,9.2833,9.8925,
9.50,1.0,0.1467,9.3533,9.5000,59.0737,9.3533,10.0000,10.0000,9.1917,9.8788,
9.50,1.5,0.2200,9.2800,11.0000,50.6182,6.1867,10.0000,10.0000,9.1000,9.8650,
9.50,2.0,0.2933,9.2067,12.5000,44.1920,4.6033,10.0000,10.0000,9.0083,9.8513,
9.50,2.5,0.3667,9.1333,13.8000,39.7101,3.6533,10.0000,10.0000,8.9167,9.8375,
9.50,3.0,0.4400,9.0600,15.1000,36.0000,3.0200,10.0000,10.0000,8.8250,9.8238,
9.50,3.5,0.5133,8.9867,16.4000,32.8780,2.5676,10.0000,10.0000,8.7333,9.8100,
9.50,4.0,0.5867,8.9133,17.7000,30.2147,2.2283,10.0000,9.8556,8.6417,9.7601,
9.50,4.5,0.6600,8.8400,19.0000,27.9158,1.9644,8.9579,8.0963,8.5500,8.6813,
9.50,5.0,0.7333,8.7667,20.3000,25.9113,1.7533,7.9557,6.6889,8.4583,7.7144,
9.50,5.5,0.8067,8.6933,21.4000,24.3738,1.5806,7.1869,5.5374,8.3667,6.9515,
9.50,6.0,0.8800,8.6200,22.5000,22.9867,1.4367,6.4933,4.5778,8.2750,6.2817,
9.50,6.5,0.9533,8.5467,23.6000,21.7288,1.3149,5.8644,3.7658,8.1833,5.6876,
9.50,7.0,1.0267,8.4733,24.7000,20.5830,1.2105,5.2915,3.0698,8.0917,5.1561,
9.50,7.5,1.1000,8.4000,25.8000,19.5349,1.1200,4.7674,2.4667,8.0000,4.6771,
9.50,8.0,1.1733,8.3267,26.9000,18.5725,1.0408,4.2862,1.9389,7.9083,4.2427,
9.50,8.5,1.2467,8.2533,27.8000,17.8129,0.9710,3.9065,1.4732,7.8167,3.8847,
9.50,9.0,1.3200,8.1800,28.7000,17.1010,0.9089,3.5505,1.0593,7.7250,3.5539,
9.50,9.5,1.3933,8.1067,29.6000,16.4324,0.8533,3.2162,0.6889,7.6333,3.2470,
9.50,10.0,1.4667,8.0333,30.5000,15.8033,0.8033,2.9016,0.3556,7.5417,2.9611,
9.50,10.5,1.5400,7.9600,31.4000,15.2102,0.7581,2.6051,0.0540,7.4500,2.6940,
9.50,11.0,1.6133,7.8867,32.3000,14.6502,0.7170,2.3251,0.0000,7.3583,2.4988,
9.50,11.5,1.6867,7.8133,33.2000,14.1205,0.6794,2.0602,0.0000,7.2667,2.3261,
9.50,12.0,1.7600,7.7400,34.1000,13.6188,0.6450,1.8094,0.0000,7.1750,2.1619,
9.50,12.5,1.8333,7.6667,34.9000,13.1805,0.6133,1.5903,0.0000,7.0833,2.0167,
9.50,13.0,1.9067,7.5933,35.7000,12.7619,0.5841,1.3810,0.0000,6.9917,1.8773,
9.50,13.5,1.9800,7.5200,36.5000,12.3616,0.5570,1.1808,0.0000,6.9000,1.7435,
9.50,14.0,2.0533,7.4467,37.3000,11.9786,0.5319,0.9893,0.0000,6.8083,1.6148,
9.50,14.5,2.1267,7.3733,38.1000,11.6115,0.5085,0.8058,0.0000,6.7167,1.4910,
9.50,15.0,2.2000,7.3000,38.9000,11.2596,0.4867,0.6298,0.0000,6.6250,1.3716,
9.50,15.5,2.2733,7.2267,39.7000,10.9219,0.4662,0.4610,0.0000,6.5333,1.2566,
9.50,16.0,2.3467,7.1533,40.5000,10.5975,0.4471,0.2988,0.0000,6.4417,1.1455,
9.50,16.5,2.4200,7.0800,41.3000,10.2857,0.4291,0.1429,0.0000,6.3500,1.0382,
9.50,17.0,2.4933,7.0067,42.1000,9.9857,0.4122,0.0000,0.0000,6.2583,0.9387,
9.50,17.5,2.5667,6.9333,42.9000,9.6970,0.3962,0.0000,0.0000,6.1667,0.9250,
9.50,18.0,2.6400,6.8600,43.7000,9.4188,0.3811,0.0000,0.0000,6.0750,0.9112,
9.50,18.5,2.7133,6.7867,44.5000,9.1506,0.3668,0.0000,0.0000,5.9833,0.8975,
9.50,19.0,2.7867,6.7133,45.3000,8.8918,0.3533,0.0000,0.0000,5.8917,0.8837,
9.50,19.5,2.8600,6.6400,46.1000,8.6421,0.3405,0.0000,0.0000,5.8000,0.8700,
9.50,20.0,2.9333,6.5667,46.9000,8.4009,0.3283,0.0000,0.0000,5.7083,0.8563,
10.00,0.5,0.0733,9.9267,8.0000,74.4500,19.8533,10.0000,10.0000,9.9083,9.9863,SCORE_SATURATED_AT_10
10.00,1.0,0.1467,9.8533,9.5000,62.2316,9.8533,10.0000,10.0000,9.8167,9.9725,SCORE_SATURATED_AT_10
10.00,1.5,0.2200,9.7800,11.0000,53.3455,6.5200,10.0000,10.0000,9.7250,9.9588,SCORE_SATURATED_AT_10
10.00,2.0,0.2933,9.7067,12.5000,46.5920,4.8533,10.0000,10.0000,9.6333,9.9450,
10.00,2.5,0.3667,9.6333,13.8000,41.8841,3.8533,10.0000,10.0000,9.5417,9.9313,
10.00,3.0,0.4400,9.5600,15.1000,37.9868,3.1867,10.0000,10.0000,9.4500,9.9175,
10.00,3.5,0.5133,9.4867,16.4000,34.7073,2.7105,10.0000,10.0000,9.3583,9.9038,
10.00,4.0,0.5867,9.4133,17.7000,31.9096,2.3533,10.0000,10.0000,9.2667,9.8900,
10.00,4.5,0.6600,9.3400,19.0000,29.4947,2.0756,9.7474,8.8370,9.1750,9.4339,
10.00,5.0,0.7333,9.2667,20.3000,27.3892,1.8533,8.6946,7.3556,9.0833,8.4181,
10.00,5.5,0.8067,9.1933,21.4000,25.7757,1.6715,7.8879,6.1434,8.9917,7.6173,
10.00,6.0,0.8800,9.1200,22.5000,24.3200,1.5200,7.1600,5.1333,8.9000,6.9143,
10.00,6.5,0.9533,9.0467,23.6000,23.0000,1.3918,6.5000,4.2786,8.8083,6.2909,
10.00,7.0,1.0267,8.9733,24.7000,21.7976,1.2819,5.8988,3.5460,8.7167,5.7333,
10.00,7.5,1.1000,8.9000,25.8000,20.6977,1.1867,5.3488,2.9111,8.6250,5.2308,
10.00,8.0,1.1733,8.8267,26.9000,19.6877,1.1033,4.8439,2.3556,8.5333,4.7752,
10.00,8.5,1.2467,8.7533,27.8000,18.8921,1.0298,4.4460,1.8654,8.4417,4.4002,
10.00,9.0,1.3200,8.6800,28.7000,18.1463,0.9644,4.0732,1.4296,8.3500,4.0538,
10.00,9.5,1.3933,8.6067,29.6000,17.4459,0.9060,3.7230,1.0398,8.2583,3.7325,
10.00,10.0,1.4667,8.5333,30.5000,16.7869,0.8533,3.3934,0.6889,8.1667,3.4333,
10.00,10.5,1.5400,8.4600,31.4000,16.1656,0.8057,3.0828,0.3714,8.0750,3.1538,
10.00,11.0,1.6133,8.3867,32.3000,15.5789,0.7624,2.7895,0.0828,7.9833,2.8919,
10.00,11.5,1.6867,8.3133,33.2000,15.0241,0.7229,2.5120,0.0000,7.8917,2.6910,
10.00,12.0,1.7600,8.2400,34.1000,14.4985,0.6867,2.2493,0.0000,7.8000,2.5196,
10.00,12.5,1.8333,8.1667,34.9000,14.0401,0.6533,2.0201,0.0000,7.7083,2.3683,
10.00,13.0,1.9067,8.0933,35.7000,13.6022,0.6226,1.8011,0.0000,7.6167,2.2232,
10.00,13.5,1.9800,8.0200,36.5000,13.1836,0.5941,1.5918,0.0000,7.5250,2.0838,
10.00,14.0,2.0533,7.9467,37.3000,12.7828,0.5676,1.3914,0.0000,7.4333,1.9499,
10.00,14.5,2.1267,7.8733,38.1000,12.3990,0.5430,1.1995,0.0000,7.3417,1.8209,
10.00,15.0,2.2000,7.8000,38.9000,12.0308,0.5200,1.0154,0.0000,7.2500,1.6968,
10.00,15.5,2.2733,7.7267,39.7000,11.6776,0.4985,0.8388,0.0000,7.1583,1.5770,
10.00,16.0,2.3467,7.6533,40.5000,11.3383,0.4783,0.6691,0.0000,7.0667,1.4615,
10.00,16.5,2.4200,7.5800,41.3000,11.0121,0.4594,0.5061,0.0000,6.9750,1.3499,
10.00,17.0,2.4933,7.5067,42.1000,10.6983,0.4416,0.3492,0.0000,6.8833,1.2420,
10.00,17.5,2.5667,7.4333,42.9000,10.3963,0.4248,0.1981,0.0000,6.7917,1.1376,
10.00,18.0,2.6400,7.3600,43.7000,10.1053,0.4089,0.0526,0.0000,6.7000,1.0366,
10.00,18.5,2.7133,7.2867,44.5000,9.8247,0.3939,0.0000,0.0000,6.6083,0.9912,
10.00,19.0,2.7867,7.2133,45.3000,9.5541,0.3796,0.0000,0.0000,6.5167,0.9775,
10.00,19.5,2.8600,7.1400,46.1000,9.2928,0.3662,0.0000,0.0000,6.4250,0.9637,
10.00,20.0,2.9333,7.0667,46.9000,9.0405,0.3533,0.0000,0.0000,6.3333,0.9500,
10.50,0.5,0.0733,10.4267,8.0000,78.2000,20.8533,10.0000,10.0000,10.0000,10.0000,SCORE_SATURATED_AT_10
10.50,1.0,0.1467,10.3533,9.5000,65.3895,10.3533,10.0000,10.0000,10.0000,10.0000,SCORE_SATURATED_AT_10
10.50,1.5,0.2200,10.2800,11.0000,56.0727,6.8533,10.0000,10.0000,10.0000,10.0000,SCORE_SATURATED_AT_10
10.50,2.0,0.2933,10.2067,12.5000,48.9920,5.1033,10.0000,10.0000,10.0000,10.0000,SCORE_SATURATED_AT_10
10.50,2.5,0.3667,10.1333,13.8000,44.0580,4.0533,10.0000,10.0000,10.0000,10.0000,SCORE_SATURATED_AT_10
10.50,3.0,0.4400,10.0600,15.1000,39.9735,3.3533,10.0000,10.0000,10.0000,10.0000,SCORE_SATURATED_AT_10
10.50,3.5,0.5133,9.9867,16.4000,36.5366,2.8533,10.0000,10.0000,9.9833,9.9975,SCORE_SATURATED_AT_10
10.50,4.0,0.5867,9.9133,17.7000,33.6045,2.4783,10.0000,10.0000,9.8917,9.9838,SCORE_SATURATED_AT_10
10.50,4.5,0.6600,9.8400,19.0000,31.0737,2.1867,10.0000,9.5778,9.8000,9.8644,
10.50,5.0,0.7333,9.7667,20.3000,28.8670,1.9533,9.4335,8.0222,9.7083,9.1219,
10.50,5.5,0.8067,9.6933,21.4000,27.1776,1.7624,8.5888,6.7495,9.6167,8.2831,
10.50,6.0,0.8800,9.6200,22.5000,25.6533,1.6033,7.8267,5.6889,9.5250,7.5470,
10.50,6.5,0.9533,9.5467,23.6000,24.2712,1.4687,7.1356,4.7915,9.4333,6.8942,
10.50,7.0,1.0267,9.4733,24.7000,23.0121,1.3533,6.5061,4.0222,9.3417,6.3104,
10.50,7.5,1.1000,9.4000,25.8000,21.8605,1.2533,5.9302,3.3556,9.2500,5.7845,
10.50,8.0,1.1733,9.3267,26.9000,20.8030,1.1658,5.4015,2.7722,9.1583,5.3077,
10.50,8.5,1.2467,9.2533,27.8000,19.9712,1.0886,4.9856,2.2575,9.0667,4.9157,
10.50,9.0,1.3200,9.1800,28.7000,19.1916,1.0200,4.5958,1.8000,8.9750,4.5537,
10.50,9.5,1.3933,9.1067,29.6000,18.4595,0.9586,4.2297,1.3906,8.8833,4.2180,
10.50,10.0,1.4667,9.0333,30.5000,17.7705,0.9033,3.8852,1.0222,8.7917,3.9055,
10.50,10.5,1.5400,8.9600,31.4000,17.1210,0.8533,3.5605,0.6889,8.7000,3.6135,
10.50,11.0,1.6133,8.8867,32.3000,16.5077,0.8079,3.2539,0.3859,8.6083,3.3400,
10.50,11.5,1.6867,8.8133,33.2000,15.9277,0.7664,2.9639,0.1092,8.5167,3.0831,
10.50,12.0,1.7600,8.7400,34.1000,15.3783,0.7283,2.6891,0.0000,8.4250,2.8772,
10.50,12.5,1.8333,8.6667,34.9000,14.8997,0.6933,2.4499,0.0000,8.3333,2.7199,
10.50,13.0,1.9067,8.5933,35.7000,14.4426,0.6610,2.2213,0.0000,8.2417,2.5690,
10.50,13.5,1.9800,8.5200,36.5000,14.0055,0.6311,2.0027,0.0000,8.1500,2.4241,
10.50,14.0,2.0533,8.4467,37.3000,13.5871,0.6033,1.7936,0.0000,8.0583,2.2849,
10.50,14.5,2.1267,8.3733,38.1000,13.1864,0.5775,1.5932,0.0000,7.9667,2.1509,
10.50,15.0,2.2000,8.3000,38.9000,12.8021,0.5533,1.4010,0.0000,7.8750,2.0219,
10.50,15.5,2.2733,8.2267,39.7000,12.4332,0.5308,1.2166,0.0000,7.7833,1.8975,
10.50,16.0,2.3467,8.1533,40.5000,12.0790,0.5096,1.0395,0.0000,7.6917,1.7775,
10.50,16.5,2.4200,8.0800,41.3000,11.7385,0.4897,0.8692,0.0000,7.6000,1.6615,
10.50,17.0,2.4933,8.0067,42.1000,11.4109,0.4710,0.7055,0.0000,7.5083,1.5495,
10.50,17.5,2.5667,7.9333,42.9000,11.0956,0.4533,0.5478,0.0000,7.4167,1.4412,
10.50,18.0,2.6400,7.8600,43.7000,10.7918,0.4367,0.3959,0.0000,7.3250,1.3363,
10.50,18.5,2.7133,7.7867,44.5000,10.4989,0.4209,0.2494,0.0000,7.2333,1.2347,
10.50,19.0,2.7867,7.7133,45.3000,10.2163,0.4060,0.1082,0.0000,7.1417,1.1362,
10.50,19.5,2.8600,7.6400,46.1000,9.9436,0.3918,0.0000,0.0000,7.0500,1.0575,
10.50,20.0,2.9333,7.5667,46.9000,9.6802,0.3783,0.0000,0.0000,6.9583,1.0438,
11.00,0.5,0.0733,10.9267,8.0000,81.9500,21.8533,10.0000,10.0000,10.0000,10.0000,SCORE_SATURATED_AT_10
11.00,1.0,0.1467,10.8533,9.5000,68.5474,10.8533,10.0000,10.0000,10.0000,10.0000,SCORE_SATURATED_AT_10
11.00,1.5,0.2200,10.7800,11.0000,58.8000,7.1867,10.0000,10.0000,10.0000,10.0000,SCORE_SATURATED_AT_10
11.00,2.0,0.2933,10.7067,12.5000,51.3920,5.3533,10.0000,10.0000,10.0000,10.0000,SCORE_SATURATED_AT_10
11.00,2.5,0.3667,10.6333,13.8000,46.2319,4.2533,10.0000,10.0000,10.0000,10.0000,SCORE_SATURATED_AT_10
11.00,3.0,0.4400,10.5600,15.1000,41.9603,3.5200,10.0000,10.0000,10.0000,10.0000,SCORE_SATURATED_AT_10
11.00,3.5,0.5133,10.4867,16.4000,38.3659,2.9962,10.0000,10.0000,10.0000,10.0000,SCORE_SATURATED_AT_10
11.00,4.0,0.5867,10.4133,17.7000,35.2994,2.6033,10.0000,10.0000,10.0000,10.0000,SCORE_SATURATED_AT_10
11.00,4.5,0.6600,10.3400,19.0000,32.6526,2.2978,10.0000,10.0000,10.0000,10.0000,SCORE_SATURATED_AT_10
11.00,5.0,0.7333,10.2667,20.3000,30.3448,2.0533,10.0000,8.6889,10.0000,9.6722,
11.00,5.5,0.8067,10.1933,21.4000,28.5794,1.8533,9.2897,7.3556,10.0000,8.9127,
11.00,6.0,0.8800,10.1200,22.5000,26.9867,1.6867,8.4933,6.2444,10.0000,8.1571,
11.00,6.5,0.9533,10.0467,23.6000,25.5424,1.5456,7.7712,5.3043,10.0000,7.4888,
11.00,7.0,1.0267,9.9733,24.7000,24.2267,1.4248,7.1134,4.4984,9.9667,6.8876,
11.00,7.5,1.1000,9.9000,25.8000,23.0233,1.3200,6.5116,3.8000,9.8750,6.3382,
11.00,8.0,1.1733,9.8267,26.9000,21.9182,1.2283,5.9591,3.1889,9.7833,5.8402,
11.00,8.5,1.2467,9.7533,27.8000,21.0504,1.1475,5.5252,2.6497,9.6917,5.4313,
11.00,9.0,1.3200,9.6800,28.7000,20.2369,1.0756,5.1185,2.1704,9.6000,5.0537,
11.00,9.5,1.3933,9.6067,29.6000,19.4730,1.0112,4.7365,1.7415,9.5083,4.7035,
11.00,10.0,1.4667,9.5333,30.5000,18.7541,0.9533,4.3770,1.3556,9.4167,4.3776,
11.00,10.5,1.5400,9.4600,31.4000,18.0764,0.9010,4.0382,1.0063,9.3250,4.0733,
11.00,11.0,1.6133,9.3867,32.3000,17.4365,0.8533,3.7183,0.6889,9.2333,3.7882,
11.00,11.5,1.6867,9.3133,33.2000,16.8313,0.8099,3.4157,0.3990,9.1417,3.5204,
11.00,12.0,1.7600,9.2400,34.1000,16.2581,0.7700,3.1290,0.1333,9.0500,3.2683,
11.00,12.5,1.8333,9.1667,34.9000,15.7593,0.7333,2.8797,0.0000,8.9583,3.0715,
11.00,13.0,1.9067,9.0933,35.7000,15.2829,0.6995,2.6415,0.0000,8.8667,2.9149,
11.00,13.5,1.9800,9.0200,36.5000,14.8274,0.6681,2.4137,0.0000,8.7750,2.7645,
11.00,14.0,2.0533,8.9467,37.3000,14.3914,0.6390,2.1957,0.0000,8.6833,2.6199,
11.00,14.5,2.1267,8.8733,38.1000,13.9738,0.6120,1.9869,0.0000,8.5917,2.4809,
11.00,15.0,2.2000,8.8000,38.9000,13.5733,0.5867,1.7866,0.0000,8.5000,2.3470,
11.00,15.5,2.2733,8.7267,39.7000,13.1889,0.5630,1.5945,0.0000,8.4083,2.2179,
11.00,16.0,2.3467,8.6533,40.5000,12.8198,0.5408,1.4099,0.0000,8.3167,2.0934,
11.00,16.5,2.4200,8.5800,41.3000,12.4649,0.5200,1.2324,0.0000,8.2250,1.9732,
11.00,17.0,2.4933,8.5067,42.1000,12.1235,0.5004,1.0618,0.0000,8.1333,1.8571,
11.00,17.5,2.5667,8.4333,42.9000,11.7949,0.4819,0.8974,0.0000,8.0417,1.7447,
11.00,18.0,2.6400,8.3600,43.7000,11.4783,0.4644,0.7391,0.0000,7.9500,1.6360,
11.00,18.5,2.7133,8.2867,44.5000,11.1730,0.4479,0.5865,0.0000,7.8583,1.5307,
11.00,19.0,2.7867,8.2133,45.3000,10.8786,0.4323,0.4393,0.0000,7.7667,1.4286,
11.00,19.5,2.8600,8.1400,46.1000,10.5944,0.4174,0.2972,0.0000,7.6750,1.3296,
11.00,20.0,2.9333,8.0667,46.9000,10.3198,0.4033,0.1599,0.0000,7.5833,1.2334,
11.50,0.5,0.0733,11.4267,8.0000,85.7000,22.8533,10.0000,10.0000,10.0000,10.0000,SCORE_SATURATED_AT_10
11.50,1.0,0.1467,11.3533,9.5000,71.7053,11.3533,10.0000,10.0000,10.0000,10.0000,SCORE_SATURATED_AT_10
11.50,1.5,0.2200,11.2800,11.0000,61.5273,7.5200,10.0000,10.0000,10.0000,10.0000,SCORE_SATURATED_AT_10
11.50,2.0,0.2933,11.2067,12.5000,53.7920,5.6033,10.0000,10.0000,10.0000,10.0000,SCORE_SATURATED_AT_10
11.50,2.5,0.3667,11.1333,13.8000,48.4058,4.4533,10.0000,10.0000,10.0000,10.0000,SCORE_SATURATED_AT_10
11.50,3.0,0.4400,11.0600,15.1000,43.9470,3.6867,10.0000,10.0000,10.0000,10.0000,SCORE_SATURATED_AT_10
11.50,3.5,0.5133,10.9867,16.4000,40.1951,3.1390,10.0000,10.0000,10.0000,10.0000,SCORE_SATURATED_AT_10
11.50,4.0,0.5867,10.9133,17.7000,36.9944,2.7283,10.0000,10.0000,10.0000,10.0000,SCORE_SATURATED_AT_10
11.50,4.5,0.6600,10.8400,19.0000,34.2316,2.4089,10.0000,10.0000,10.0000,10.0000,SCORE_SATURATED_AT_10
11.50,5.0,0.7333,10.7667,20.3000,31.8227,2.1533,10.0000,9.3556,10.0000,9.8389,
11.50,5.5,0.8067,10.6933,21.4000,29.9813,1.9442,9.9907,7.9616,10.0000,9.4848,
11.50,6.0,0.8800,10.6200,22.5000,28.3200,1.7700,9.1600,6.8000,10.0000,8.6960,
11.50,6.5,0.9533,10.5467,23.6000,26.8136,1.6226,8.4068,5.8171,10.0000,7.9983,
11.50,7.0,1.0267,10.4733,24.7000,25.4413,1.4962,7.7206,4.9746,10.0000,7.3760,
11.50,7.5,1.1000,10.4000,25.8000,24.1860,1.3867,7.0930,4.2444,10.0000,6.8169,
11.50,8.0,1.1733,10.3267,26.9000,23.0335,1.2908,6.5167,3.6056,10.0000,6.3114,
11.50,8.5,1.2467,10.2533,27.8000,22.1295,1.2063,6.0647,3.0418,10.0000,5.8993,
11.50,9.0,1.3200,10.1800,28.7000,21.2822,1.1311,5.6411,2.5407,10.0000,5.5199,
11.50,9.5,1.3933,10.1067,29.6000,20.4865,1.0639,5.2432,2.0924,10.0000,5.1690,
11.50,10.0,1.4667,10.0333,30.5000,19.7377,1.0033,4.8689,1.6889,10.0000,4.8435,
11.50,10.5,1.5400,9.9600,31.4000,19.0318,0.9486,4.5159,1.3238,9.9500,4.5330,
11.50,11.0,1.6133,9.8867,32.3000,18.3653,0.8988,4.1827,0.9919,9.8583,4.2363,
11.50,11.5,1.6867,9.8133,33.2000,17.7349,0.8533,3.8675,0.6889,9.7667,3.9577,
11.50,12.0,1.7600,9.7400,34.1000,17.1378,0.8117,3.5689,0.4111,9.6750,3.6954,
11.50,12.5,1.8333,9.6667,34.9000,16.6189,0.7733,3.3095,0.1556,9.5833,3.4621,
11.50,13.0,1.9067,9.5933,35.7000,16.1232,0.7379,3.0616,0.0000,9.4917,3.2607,
11.50,13.5,1.9800,9.5200,36.5000,15.6493,0.7052,2.8247,0.0000,9.4000,3.1048,
11.50,14.0,2.0533,9.4467,37.3000,15.1957,0.6748,2.5979,0.0000,9.3083,2.9550,
11.50,14.5,2.1267,9.3733,38.1000,14.7612,0.6464,2.3806,0.0000,9.2167,2.8108,
11.50,15.0,2.2000,9.3000,38.9000,14.3445,0.6200,2.1722,0.0000,9.1250,2.6721,
11.50,15.5,2.2733,9.2267,39.7000,13.9446,0.5953,1.9723,0.0000,9.0333,2.5384,
11.50,16.0,2.3467,9.1533,40.5000,13.5605,0.5721,1.7802,0.0000,8.9417,2.4094,
11.50,16.5,2.4200,9.0800,41.3000,13.1913,0.5503,1.5956,0.0000,8.8500,2.2849,
11.50,17.0,2.4933,9.0067,42.1000,12.8361,0.5298,1.4181,0.0000,8.7583,2.1646,
11.50,17.5,2.5667,8.9333,42.9000,12.4942,0.5105,1.2471,0.0000,8.6667,2.0483,
11.50,18.0,2.6400,8.8600,43.7000,12.1648,0.4922,1.0824,0.0000,8.5750,1.9357,
11.50,18.5,2.7133,8.7867,44.5000,11.8472,0.4750,0.9236,0.0000,8.4833,1.8267,
11.50,19.0,2.7867,8.7133,45.3000,11.5408,0.4586,0.7704,0.0000,8.3917,1.7210,
11.50,19.5,2.8600,8.6400,46.1000,11.2451,0.4431,0.6226,0.0000,8.3000,1.6185,
11.50,20.0,2.9333,8.5667,46.9000,10.9595,0.4283,0.4797,0.0000,8.2083,1.5191,
12.00,0.5,0.0733,11.9267,8.0000,89.4500,23.8533,10.0000,10.0000,10.0000,10.0000,SCORE_SATURATED_AT_10
12.00,1.0,0.1467,11.8533,9.5000,74.8632,11.8533,10.0000,10.0000,10.0000,10.0000,SCORE_SATURATED_AT_10
12.00,1.5,0.2200,11.7800,11.0000,64.2545,7.8533,10.0000,10.0000,10.0000,10.0000,SCORE_SATURATED_AT_10
12.00,2.0,0.2933,11.7067,12.5000,56.1920,5.8533,10.0000,10.0000,10.0000,10.0000,SCORE_SATURATED_AT_10
12.00,2.5,0.3667,11.6333,13.8000,50.5797,4.6533,10.0000,10.0000,10.0000,10.0000,SCORE_SATURATED_AT_10
12.00,3.0,0.4400,11.5600,15.1000,45.9338,3.8533,10.0000,10.0000,10.0000,10.0000,SCORE_SATURATED_AT_10
12.00,3.5,0.5133,11.4867,16.4000,42.0244,3.2819,10.0000,10.0000,10.0000,10.0000,SCORE_SATURATED_AT_10
12.00,4.0,0.5867,11.4133,17.7000,38.6893,2.8533,10.0000,10.0000,10.0000,10.0000,SCORE_SATURATED_AT_10
12.00,4.5,0.6600,11.3400,19.0000,35.8105,2.5200,10.0000,10.0000,10.0000,10.0000,SCORE_SATURATED_AT_10
12.00,5.0,0.7333,11.2667,20.3000,33.3005,2.2533,10.0000,10.0000,10.0000,10.0000,SCORE_SATURATED_AT_10
12.00,5.5,0.8067,11.1933,21.4000,31.3832,2.0352,10.0000,8.5677,10.0000,9.6419,
12.00,6.0,0.8800,11.1200,22.5000,29.6533,1.8533,9.8267,7.3556,10.0000,9.2349,
12.00,6.5,0.9533,11.0467,23.6000,28.0847,1.6995,9.0424,6.3299,10.0000,8.5079,
12.00,7.0,1.0267,10.9733,24.7000,26.6559,1.5676,8.3279,5.4508,10.0000,7.8595,
12.00,7.5,1.1000,10.9000,25.8000,25.3488,1.4533,7.6744,4.6889,10.0000,7.2769,
12.00,8.0,1.1733,10.8267,26.9000,24.1487,1.3533,7.0743,4.0222,10.0000,6.7502,
12.00,8.5,1.2467,10.7533,27.8000,23.2086,1.2651,6.6043,3.4340,10.0000,6.3211,
12.00,9.0,1.3200,10.6800,28.7000,22.3275,1.1867,6.1638,2.9111,10.0000,5.9260,
12.00,9.5,1.3933,10.6067,29.6000,21.5000,1.1165,5.7500,2.4433,10.0000,5.5608,
12.00,10.0,1.4667,10.5333,30.5000,20.7213,1.0533,5.3607,2.0222,10.0000,5.2219,
12.00,10.5,1.5400,10.4600,31.4000,19.9873,0.9962,4.9936,1.6413,10.0000,4.9065,
12.00,11.0,1.6133,10.3867,32.3000,19.2941,0.9442,4.6471,1.2949,10.0000,4.6120,
12.00,11.5,1.6867,10.3133,33.2000,18.6386,0.8968,4.3193,0.9787,10.0000,4.3363,
12.00,12.0,1.7600,10.2400,34.1000,18.0176,0.8533,4.0088,0.6889,10.0000,4.0775,
12.00,12.5,1.8333,10.1667,34.9000,17.4785,0.8133,3.7393,0.4222,10.0000,3.8491,
12.00,13.0,1.9067,10.0933,35.7000,16.9636,0.7764,3.4818,0.1761,10.0000,3.6331,
12.00,13.5,1.9800,10.0200,36.5000,16.4712,0.7422,3.2356,0.0000,10.0000,3.4414,
12.00,14.0,2.0533,9.9467,37.3000,16.0000,0.7105,3.0000,0.0000,9.9333,3.2900,
12.00,14.5,2.1267,9.8733,38.1000,15.5486,0.6809,2.7743,0.0000,9.8417,3.1408,
12.00,15.0,2.2000,9.8000,38.9000,15.1157,0.6533,2.5578,0.0000,9.7500,2.9972,
12.00,15.5,2.2733,9.7267,39.7000,14.7003,0.6275,2.3501,0.0000,9.6583,2.8588,
12.00,16.0,2.3467,9.6533,40.5000,14.3012,0.6033,2.1506,0.0000,9.5667,2.7254,
12.00,16.5,2.4200,9.5800,41.3000,13.9177,0.5806,1.9588,0.0000,9.4750,2.5966,
12.00,17.0,2.4933,9.5067,42.1000,13.5487,0.5592,1.7743,0.0000,9.3833,2.4721,
12.00,17.5,2.5667,9.4333,42.9000,13.1935,0.5390,1.5967,0.0000,9.2917,2.3518,
12.00,18.0,2.6400,9.3600,43.7000,12.8513,0.5200,1.4256,0.0000,9.2000,2.2354,
12.00,18.5,2.7133,9.2867,44.5000,12.5213,0.5020,1.2607,0.0000,9.1083,2.1227,
12.00,19.0,2.7867,9.2133,45.3000,12.2031,0.4849,1.1015,0.0000,9.0167,2.0134,
12.00,19.5,2.8600,9.1400,46.1000,11.8959,0.4687,0.9479,0.0000,8.9250,1.9075,
12.00,20.0,2.9333,9.0667,46.9000,11.5991,0.4533,0.7996,0.0000,8.8333,1.8047,
12.50,0.5,0.0733,12.4267,8.0000,93.2000,24.8533,10.0000,10.0000,10.0000,10.0000,SCORE_SATURATED_AT_10
12.50,1.0,0.1467,12.3533,9.5000,78.0211,12.3533,10.0000,10.0000,10.0000,10.0000,SCORE_SATURATED_AT_10
12.50,1.5,0.2200,12.2800,11.0000,66.9818,8.1867,10.0000,10.0000,10.0000,10.0000,SCORE_SATURATED_AT_10
12.50,2.0,0.2933,12.2067,12.5000,58.5920,6.1033,10.0000,10.0000,10.0000,10.0000,SCORE_SATURATED_AT_10
12.50,2.5,0.3667,12.1333,13.8000,52.7536,4.8533,10.0000,10.0000,10.0000,10.0000,SCORE_SATURATED_AT_10
12.50,3.0,0.4400,12.0600,15.1000,47.9205,4.0200,10.0000,10.0000,10.0000,10.0000,SCORE_SATURATED_AT_10
12.50,3.5,0.5133,11.9867,16.4000,43.8537,3.4248,10.0000,10.0000,10.0000,10.0000,SCORE_SATURATED_AT_10
12.50,4.0,0.5867,11.9133,17.7000,40.3842,2.9783,10.0000,10.0000,10.0000,10.0000,SCORE_SATURATED_AT_10
12.50,4.5,0.6600,11.8400,19.0000,37.3895,2.6311,10.0000,10.0000,10.0000,10.0000,SCORE_SATURATED_AT_10
12.50,5.0,0.7333,11.7667,20.3000,34.7783,2.3533,10.0000,10.0000,10.0000,10.0000,SCORE_SATURATED_AT_10
12.50,5.5,0.8067,11.6933,21.4000,32.7850,2.1261,10.0000,9.1737,10.0000,9.7934,
12.50,6.0,0.8800,11.6200,22.5000,30.9867,1.9367,10.0000,7.9111,10.0000,9.4778,
12.50,6.5,0.9533,11.5467,23.6000,29.3559,1.7764,9.6780,6.8427,10.0000,9.0175,
12.50,7.0,1.0267,11.4733,24.7000,27.8704,1.6390,8.9352,5.9270,10.0000,8.3429,
12.50,7.5,1.1000,11.4000,25.8000,26.5116,1.5200,8.2558,5.1333,10.0000,7.7368,
12.50,8.0,1.1733,11.3267,26.9000,25.2639,1.4158,7.6320,4.4389,10.0000,7.1889,
12.50,8.5,1.2467,11.2533,27.8000,24.2878,1.3239,7.1439,3.8261,10.0000,6.7429,
12.50,9.0,1.3200,11.1800,28.7000,23.3728,1.2422,6.6864,3.2815,10.0000,6.3322,
12.50,9.5,1.3933,11.1067,29.6000,22.5135,1.1691,6.2568,2.7942,10.0000,5.9526,
12.50,10.0,1.4667,11.0333,30.5000,21.7049,1.1033,5.8525,2.3556,10.0000,5.6004,
12.50,10.5,1.5400,10.9600,31.4000,20.9427,1.0438,5.4713,1.9587,10.0000,5.2725,
12.50,11.0,1.6133,10.8867,32.3000,20.2229,0.9897,5.1115,1.5980,10.0000,4.9664,
12.50,11.5,1.6867,10.8133,33.2000,19.5422,0.9403,4.7711,1.2686,10.0000,4.6798,
12.50,12.0,1.7600,10.7400,34.1000,18.8974,0.8950,4.4487,0.9667,10.0000,4.4109,
12.50,12.5,1.8333,10.6667,34.9000,18.3381,0.8533,4.1691,0.6889,10.0000,4.1737,
12.50,13.0,1.9067,10.5933,35.7000,17.8039,0.8149,3.9020,0.4325,10.0000,3.9493,
12.50,13.5,1.9800,10.5200,36.5000,17.2932,0.7793,3.6466,0.1951,10.0000,3.7367,
12.50,14.0,2.0533,10.4467,37.3000,16.8043,0.7462,3.4021,0.0000,10.0000,3.5413,
12.50,14.5,2.1267,10.3733,38.1000,16.3360,0.7154,3.1680,0.0000,10.0000,3.4008,
12.50,15.0,2.2000,10.3000,38.9000,15.8869,0.6867,2.9434,0.0000,10.0000,3.2661,
12.50,15.5,2.2733,10.2267,39.7000,15.4559,0.6598,2.7280,0.0000,10.0000,3.1368,
12.50,16.0,2.3467,10.1533,40.5000,15.0420,0.6346,2.5210,0.0000,10.0000,3.0126,
12.50,16.5,2.4200,10.0800,41.3000,14.6441,0.6109,2.3220,0.0000,10.0000,2.8932,
12.50,17.0,2.4933,10.0067,42.1000,14.2613,0.5886,2.1306,0.0000,10.0000,2.7784,
12.50,17.5,2.5667,9.9333,42.9000,13.8928,0.5676,1.9464,0.0000,9.9167,2.6553,
12.50,18.0,2.6400,9.8600,43.7000,13.5378,0.5478,1.7689,0.0000,9.8250,2.5351,
12.50,18.5,2.7133,9.7867,44.5000,13.1955,0.5290,1.5978,0.0000,9.7333,2.4187,
12.50,19.0,2.7867,9.7133,45.3000,12.8653,0.5112,1.4327,0.0000,9.6417,2.3059,
12.50,19.5,2.8600,9.6400,46.1000,12.5466,0.4944,1.2733,0.0000,9.5500,2.1965,
12.50,20.0,2.9333,9.5667,46.9000,12.2388,0.4783,1.1194,0.0000,9.4583,2.0904,
13.00,0.5,0.0733,12.9267,8.0000,96.9500,25.8533,10.0000,10.0000,10.0000,10.0000,SCORE_SATURATED_AT_10
13.00,1.0,0.1467,12.8533,9.5000,81.1789,12.8533,10.0000,10.0000,10.0000,10.0000,SCORE_SATURATED_AT_10
13.00,1.5,0.2200,12.7800,11.0000,69.7091,8.5200,10.0000,10.0000,10.0000,10.0000,SCORE_SATURATED_AT_10
13.00,2.0,0.2933,12.7067,12.5000,60.9920,6.3533,10.0000,10.0000,10.0000,10.0000,SCORE_SATURATED_AT_10
13.00,2.5,0.3667,12.6333,13.8000,54.9275,5.0533,10.0000,10.0000,10.0000,10.0000,SCORE_SATURATED_AT_10
13.00,3.0,0.4400,12.5600,15.1000,49.9073,4.1867,10.0000,10.0000,10.0000,10.0000,SCORE_SATURATED_AT_10
13.00,3.5,0.5133,12.4867,16.4000,45.6829,3.5676,10.0000,10.0000,10.0000,10.0000,SCORE_SATURATED_AT_10
13.00,4.0,0.5867,12.4133,17.7000,42.0791,3.1033,10.0000,10.0000,10.0000,10.0000,SCORE_SATURATED_AT_10
13.00,4.5,0.6600,12.3400,19.0000,38.9684,2.7422,10.0000,10.0000,10.0000,10.0000,SCORE_SATURATED_AT_10
13.00,5.0,0.7333,12.2667,20.3000,36.2562,2.4533,10.0000,10.0000,10.0000,10.0000,SCORE_SATURATED_AT_10
13.00,5.5,0.8067,12.1933,21.4000,34.1869,2.2170,10.0000,9.7798,10.0000,9.9449,
13.00,6.0,0.8800,12.1200,22.5000,32.3200,2.0200,10.0000,8.4667,10.0000,9.6167,
13.00,6.5,0.9533,12.0467,23.6000,30.6271,1.8533,10.0000,7.3556,10.0000,9.3389,
13.00,7.0,1.0267,11.9733,24.7000,29.0850,1.7105,9.5425,6.4032,10.0000,8.8263,
13.00,7.5,1.1000,11.9000,25.8000,27.6744,1.5867,8.8372,5.5778,10.0000,8.1968,
13.00,8.0,1.1733,11.8267,26.9000,26.3792,1.4783,8.1896,4.8556,10.0000,7.6276,
13.00,8.5,1.2467,11.7533,27.8000,25.3669,1.3827,7.6835,4.2183,10.0000,7.1646,
13.00,9.0,1.3200,11.6800,28.7000,24.4181,1.2978,7.2091,3.6519,10.0000,6.7384,
13.00,9.5,1.3933,11.6067,29.6000,23.5270,1.2218,6.7635,3.1450,10.0000,6.3444,
13.00,10.0,1.4667,11.5333,30.5000,22.6885,1.1533,6.3443,2.6889,10.0000,5.9788,
13.00,10.5,1.5400,11.4600,31.4000,21.8981,1.0914,5.9490,2.2762,10.0000,5.6385,
13.00,11.0,1.6133,11.3867,32.3000,21.1517,1.0352,5.5759,1.9010,10.0000,5.3208,
13.00,11.5,1.6867,11.3133,33.2000,20.4458,0.9838,5.2229,1.5585,10.0000,5.0233,
13.00,12.0,1.7600,11.2400,34.1000,19.7771,0.9367,4.8886,1.2444,10.0000,4.7442,
13.00,12.5,1.8333,11.1667,34.9000,19.1977,0.8933,4.5989,0.9556,10.0000,4.4982,
13.00,13.0,1.9067,11.0933,35.7000,18.6443,0.8533,4.3221,0.6889,10.0000,4.2655,
13.00,13.5,1.9800,11.0200,36.5000,18.1151,0.8163,4.0575,0.4420,10.0000,4.0450,
13.00,14.0,2.0533,10.9467,37.3000,17.6086,0.7819,3.8043,0.2127,10.0000,3.8357,
13.00,14.5,2.1267,10.8733,38.1000,17.1234,0.7499,3.5617,0.0000,10.0000,3.6370,
13.00,15.0,2.2000,10.8000,38.9000,16.6581,0.7200,3.3290,0.0000,10.0000,3.4974,
13.00,15.5,2.2733,10.7267,39.7000,16.2116,0.6920,3.1058,0.0000,10.0000,3.3635,
13.00,16.0,2.3467,10.6533,40.5000,15.7827,0.6658,2.8914,0.0000,10.0000,3.2348,
13.00,16.5,2.4200,10.5800,41.3000,15.3705,0.6412,2.6852,0.0000,10.0000,3.1111,
13.00,17.0,2.4933,10.5067,42.1000,14.9739,0.6180,2.4869,0.0000,10.0000,2.9922,
13.00,17.5,2.5667,10.4333,42.9000,14.5921,0.5962,2.2960,0.0000,10.0000,2.8776,
13.00,18.0,2.6400,10.3600,43.7000,14.2243,0.5756,2.1121,0.0000,10.0000,2.7673,
13.00,18.5,2.7133,10.2867,44.5000,13.8697,0.5560,1.9348,0.0000,10.0000,2.6609,
13.00,19.0,2.7867,10.2133,45.3000,13.5276,0.5375,1.7638,0.0000,10.0000,2.5583,
13.00,19.5,2.8600,10.1400,46.1000,13.1974,0.5200,1.5987,0.0000,10.0000,2.4592,
13.00,20.0,2.9333,10.0667,46.9000,12.8785,0.5033,1.4392,0.0000,10.0000,2.3635,
13.50,0.5,0.0733,13.4267,8.0000,100.7000,26.8533,10.0000,10.0000,10.0000,10.0000,SCORE_SATURATED_AT_10
13.50,1.0,0.1467,13.3533,9.5000,84.3368,13.3533,10.0000,10.0000,10.0000,10.0000,SCORE_SATURATED_AT_10
13.50,1.5,0.2200,13.2800,11.0000,72.4364,8.8533,10.0000,10.0000,10.0000,10.0000,SCORE_SATURATED_AT_10
13.50,2.0,0.2933,13.2067,12.5000,63.3920,6.6033,10.0000,10.0000,10.0000,10.0000,SCORE_SATURATED_AT_10
13.50,2.5,0.3667,13.1333,13.8000,57.1014,5.2533,10.0000,10.0000,10.0000,10.0000,SCORE_SATURATED_AT_10
13.50,3.0,0.4400,13.0600,15.1000,51.8940,4.3533,10.0000,10.0000,10.0000,10.0000,SCORE_SATURATED_AT_10
13.50,3.5,0.5133,12.9867,16.4000,47.5122,3.7105,10.0000,10.0000,10.0000,10.0000,SCORE_SATURATED_AT_10
13.50,4.0,0.5867,12.9133,17.7000,43.7740,3.2283,10.0000,10.0000,10.0000,10.0000,SCORE_SATURATED_AT_10
13.50,4.5,0.6600,12.8400,19.0000,40.5474,2.8533,10.0000,10.0000,10.0000,10.0000,SCORE_SATURATED_AT_10
13.50,5.0,0.7333,12.7667,20.3000,37.7340,2.5533,10.0000,10.0000,10.0000,10.0000,SCORE_SATURATED_AT_10
13.50,5.5,0.8067,12.6933,21.4000,35.5888,2.3079,10.0000,10.0000,10.0000,10.0000,SCORE_SATURATED_AT_10
13.50,6.0,0.8800,12.6200,22.5000,33.6533,2.1033,10.0000,9.0222,10.0000,9.7556,
13.50,6.5,0.9533,12.5467,23.6000,31.8983,1.9303,10.0000,7.8684,10.0000,9.4671,
13.50,7.0,1.0267,12.4733,24.7000,30.2996,1.7819,10.0000,6.8794,10.0000,9.2198,
13.50,7.5,1.1000,12.4000,25.8000,28.8372,1.6533,9.4186,6.0222,10.0000,8.6567,
13.50,8.0,1.1733,12.3267,26.9000,27.4944,1.5408,8.7472,5.2722,10.0000,8.0664,
13.50,8.5,1.2467,12.2533,27.8000,26.4460,1.4416,8.2230,4.6105,10.0000,7.5864,
13.50,9.0,1.3200,12.1800,28.7000,25.4634,1.3533,7.7317,4.0222,10.0000,7.1446,
13.50,9.5,1.3933,12.1067,29.6000,24.5405,1.2744,7.2703,3.4959,10.0000,6.7361,
13.50,10.0,1.4667,12.0333,30.5000,23.6721,1.2033,6.8361,3.0222,10.0000,6.3572,
13.50,10.5,1.5400,11.9600,31.4000,22.8535,1.1390,6.4268,2.5937,10.0000,6.0045,
13.50,11.0,1.6133,11.8867,32.3000,22.0805,1.0806,6.0402,2.2040,10.0000,5.6752,
13.50,11.5,1.6867,11.8133,33.2000,21.3494,1.0272,5.6747,1.8483,10.0000,5.3669,
13.50,12.0,1.7600,11.7400,34.1000,20.6569,0.9783,5.3284,1.5222,10.0000,5.0776,
13.50,12.5,1.8333,11.6667,34.9000,20.0573,0.9333,5.0287,1.2222,10.0000,4.8227,
13.50,13.0,1.9067,11.5933,35.7000,19.4846,0.8918,4.7423,0.9453,10.0000,4.5817,
13.50,13.5,1.9800,11.5200,36.5000,18.9370,0.8533,4.4685,0.6889,10.0000,4.3533,
13.50,14.0,2.0533,11.4467,37.3000,18.4129,0.8176,4.2064,0.4508,10.0000,4.1366,
13.50,14.5,2.1267,11.3733,38.1000,17.9108,0.7844,3.9554,0.2291,10.0000,3.9305,
13.50,15.0,2.2000,11.3000,38.9000,17.4293,0.7533,3.7147,0.0222,10.0000,3.7343,
13.50,15.5,2.2733,11.2267,39.7000,16.9673,0.7243,3.4836,0.0000,10.0000,3.5902,
13.50,16.0,2.3467,11.1533,40.5000,16.5235,0.6971,3.2617,0.0000,10.0000,3.4570,
13.50,16.5,2.4200,11.0800,41.3000,16.0969,0.6715,3.0484,0.0000,10.0000,3.3291,
13.50,17.0,2.4933,11.0067,42.1000,15.6865,0.6475,2.8432,0.0000,10.0000,3.2059,
13.50,17.5,2.5667,10.9333,42.9000,15.2914,0.6248,2.6457,0.0000,10.0000,3.0874,
13.50,18.0,2.6400,10.8600,43.7000,14.9108,0.6033,2.4554,0.0000,10.0000,2.9732,
13.50,18.5,2.7133,10.7867,44.5000,14.5438,0.5831,2.2719,0.0000,10.0000,2.8631,
13.50,19.0,2.7867,10.7133,45.3000,14.1898,0.5639,2.0949,0.0000,10.0000,2.7570,
13.50,19.5,2.8600,10.6400,46.1000,13.8482,0.5456,1.9241,0.0000,10.0000,2.6544,
13.50,20.0,2.9333,10.5667,46.9000,13.5181,0.5283,1.7591,0.0000,10.0000,2.5554,
14.00,0.5,0.0733,13.9267,8.0000,104.4500,27.8533,10.0000,10.0000,10.0000,10.0000,SCORE_SATURATED_AT_10
14.00,1.0,0.1467,13.8533,9.5000,87.4947,13.8533,10.0000,10.0000,10.0000,10.0000,SCORE_SATURATED_AT_10
14.00,1.5,0.2200,13.7800,11.0000,75.1636,9.1867,10.0000,10.0000,10.0000,10.0000,SCORE_SATURATED_AT_10
14.00,2.0,0.2933,13.7067,12.5000,65.7920,6.8533,10.0000,10.0000,10.0000,10.0000,SCORE_SATURATED_AT_10
14.00,2.5,0.3667,13.6333,13.8000,59.2754,5.4533,10.0000,10.0000,10.0000,10.0000,SCORE_SATURATED_AT_10
14.00,3.0,0.4400,13.5600,15.1000,53.8808,4.5200,10.0000,10.0000,10.0000,10.0000,SCORE_SATURATED_AT_10
14.00,3.5,0.5133,13.4867,16.4000,49.3415,3.8533,10.0000,10.0000,10.0000,10.0000,SCORE_SATURATED_AT_10
14.00,4.0,0.5867,13.4133,17.7000,45.4689,3.3533,10.0000,10.0000,10.0000,10.0000,SCORE_SATURATED_AT_10
14.00,4.5,0.6600,13.3400,19.0000,42.1263,2.9644,10.0000,10.0000,10.0000,10.0000,SCORE_SATURATED_AT_10
14.00,5.0,0.7333,13.2667,20.3000,39.2118,2.6533,10.0000,10.0000,10.0000,10.0000,SCORE_SATURATED_AT_10
14.00,5.5,0.8067,13.1933,21.4000,36.9907,2.3988,10.0000,10.0000,10.0000,10.0000,SCORE_SATURATED_AT_10
14.00,6.0,0.8800,13.1200,22.5000,34.9867,2.1867,10.0000,9.5778,10.0000,9.8944,
14.00,6.5,0.9533,13.0467,23.6000,33.1695,2.0072,10.0000,8.3812,10.0000,9.5953,
14.00,7.0,1.0267,12.9733,24.7000,31.5142,1.8533,10.0000,7.3556,10.0000,9.3389,
14.00,7.5,1.1000,12.9000,25.8000,30.0000,1.7200,10.0000,6.4667,10.0000,9.1167,
14.00,8.0,1.1733,12.8267,26.9000,28.6097,1.6033,9.3048,5.6889,10.0000,8.5051,
14.00,8.5,1.2467,12.7533,27.8000,27.5252,1.5004,8.7626,5.0026,10.0000,8.0082,
14.00,9.0,1.3200,12.6800,28.7000,26.5087,1.4089,8.2544,4.3926,10.0000,7.5508,
14.00,9.5,1.3933,12.6067,29.6000,25.5541,1.3270,7.7770,3.8468,10.0000,7.1279,
14.00,10.0,1.4667,12.5333,30.5000,24.6557,1.2533,7.3279,3.3556,10.0000,6.7356,
14.00,10.5,1.5400,12.4600,31.4000,23.8089,1.1867,6.9045,2.9111,10.0000,6.3705,
14.00,11.0,1.6133,12.3867,32.3000,23.0093,1.1261,6.5046,2.5071,10.0000,6.0296,
14.00,11.5,1.6867,12.3133,33.2000,22.2530,1.0707,6.1265,2.1382,10.0000,5.7104,
14.00,12.0,1.7600,12.2400,34.1000,21.5367,1.0200,5.7683,1.8000,10.0000,5.4110,
14.00,12.5,1.8333,12.1667,34.9000,20.9169,0.9733,5.4585,1.4889,10.0000,5.1473,
14.00,13.0,1.9067,12.0933,35.7000,20.3249,0.9303,5.1625,1.2017,10.0000,4.8979,
14.00,13.5,1.9800,12.0200,36.5000,19.7589,0.8904,4.8795,0.9358,10.0000,4.6616,
14.00,14.0,2.0533,11.9467,37.3000,19.2172,0.8533,4.6086,0.6889,10.0000,4.4374,
14.00,14.5,2.1267,11.8733,38.1000,18.6982,0.8189,4.3491,0.4590,10.0000,4.2242,
14.00,15.0,2.2000,11.8000,38.9000,18.2005,0.7867,4.1003,0.2444,10.0000,4.0213,
14.00,15.5,2.2733,11.7267,39.7000,17.7229,0.7566,3.8615,0.0437,10.0000,3.8278,
14.00,16.0,2.3467,11.6533,40.5000,17.2642,0.7283,3.6321,0.0000,10.0000,3.6793,
14.00,16.5,2.4200,11.5800,41.3000,16.8232,0.7018,3.4116,0.0000,10.0000,3.5470,
14.00,17.0,2.4933,11.5067,42.1000,16.3990,0.6769,3.1995,0.0000,10.0000,3.4197,
14.00,17.5,2.5667,11.4333,42.9000,15.9907,0.6533,2.9953,0.0000,10.0000,3.2972,
14.00,18.0,2.6400,11.3600,43.7000,15.5973,0.6311,2.7986,0.0000,10.0000,3.1792,
14.00,18.5,2.7133,11.2867,44.5000,15.2180,0.6101,2.6090,0.0000,10.0000,3.0654,
14.00,19.0,2.7867,11.2133,45.3000,14.8521,0.5902,2.4260,0.0000,10.0000,2.9556,
14.00,19.5,2.8600,11.1400,46.1000,14.4989,0.5713,2.2495,0.0000,10.0000,2.8497,
14.00,20.0,2.9333,11.0667,46.9000,14.1578,0.5533,2.0789,0.0000,10.0000,2.7473,
14.50,0.5,0.0733,14.4267,8.0000,108.2000,28.8533,10.0000,10.0000,10.0000,10.0000,SCORE_SATURATED_AT_10
14.50,1.0,0.1467,14.3533,9.5000,90.6526,14.3533,10.0000,10.0000,10.0000,10.0000,SCORE_SATURATED_AT_10
14.50,1.5,0.2200,14.2800,11.0000,77.8909,9.5200,10.0000,10.0000,10.0000,10.0000,SCORE_SATURATED_AT_10
14.50,2.0,0.2933,14.2067,12.5000,68.1920,7.1033,10.0000,10.0000,10.0000,10.0000,SCORE_SATURATED_AT_10
14.50,2.5,0.3667,14.1333,13.8000,61.4493,5.6533,10.0000,10.0000,10.0000,10.0000,SCORE_SATURATED_AT_10
14.50,3.0,0.4400,14.0600,15.1000,55.8675,4.6867,10.0000,10.0000,10.0000,10.0000,SCORE_SATURATED_AT_10
14.50,3.5,0.5133,13.9867,16.4000,51.1707,3.9962,10.0000,10.0000,10.0000,10.0000,SCORE_SATURATED_AT_10
14.50,4.0,0.5867,13.9133,17.7000,47.1638,3.4783,10.0000,10.0000,10.0000,10.0000,SCORE_SATURATED_AT_10
14.50,4.5,0.6600,13.8400,19.0000,43.7053,3.0756,10.0000,10.0000,10.0000,10.0000,SCORE_SATURATED_AT_10
14.50,5.0,0.7333,13.7667,20.3000,40.6897,2.7533,10.0000,10.0000,10.0000,10.0000,SCORE_SATURATED_AT_10
14.50,5.5,0.8067,13.6933,21.4000,38.3925,2.4897,10.0000,10.0000,10.0000,10.0000,SCORE_SATURATED_AT_10
14.50,6.0,0.8800,13.6200,22.5000,36.3200,2.2700,10.0000,10.0000,10.0000,10.0000,SCORE_SATURATED_AT_10
14.50,6.5,0.9533,13.5467,23.6000,34.4407,2.0841,10.0000,8.8940,10.0000,9.7235,
14.50,7.0,1.0267,13.4733,24.7000,32.7287,1.9248,10.0000,7.8317,10.0000,9.4579,
14.50,7.5,1.1000,13.4000,25.8000,31.1628,1.7867,10.0000,6.9111,10.0000,9.2278,
14.50,8.0,1.1733,13.3267,26.9000,29.7249,1.6658,9.8625,6.1056,10.0000,8.9439,
14.50,8.5,1.2467,13.2533,27.8000,28.6043,1.5592,9.3022,5.3948,10.0000,8.4300,
14.50,9.0,1.3200,13.1800,28.7000,27.5540,1.4644,8.7770,4.7630,10.0000,7.9569,
14.50,9.5,1.3933,13.1067,29.6000,26.5676,1.3796,8.2838,4.1977,10.0000,7.5197,
14.50,10.0,1.4667,13.0333,30.5000,25.6393,1.3033,7.8197,3.6889,10.0000,7.1140,
14.50,10.5,1.5400,12.9600,31.4000,24.7643,1.2343,7.3822,3.2286,10.0000,6.7364,
14.50,11.0,1.6133,12.8867,32.3000,23.9381,1.1715,6.9690,2.8101,10.0000,6.3839,
14.50,11.5,1.6867,12.8133,33.2000,23.1566,1.1142,6.5783,2.4280,10.0000,6.0540,
14.50,12.0,1.7600,12.7400,34.1000,22.4164,1.0617,6.2082,2.0778,10.0000,5.7444,
14.50,12.5,1.8333,12.6667,34.9000,21.7765,1.0133,5.8883,1.7556,10.0000,5.4718,
14.50,13.0,1.9067,12.5933,35.7000,21.1653,0.9687,5.5826,1.4581,10.0000,5.2141,
14.50,13.5,1.9800,12.5200,36.5000,20.5808,0.9274,5.2904,1.1827,10.0000,4.9699,
14.50,14.0,2.0533,12.4467,37.3000,20.0214,0.8890,5.0107,0.9270,10.0000,4.7382,
14.50,14.5,2.1267,12.3733,38.1000,19.4856,0.8533,4.7428,0.6889,10.0000,4.5179,
14.50,15.0,2.2000,12.3000,38.9000,18.9717,0.8200,4.4859,0.4667,10.0000,4.3082,
14.50,15.5,2.2733,12.2267,39.7000,18.4786,0.7888,4.2393,0.2588,10.0000,4.1083,
14.50,16.0,2.3467,12.1533,40.5000,18.0049,0.7596,4.0025,0.0639,10.0000,3.9175,
14.50,16.5,2.4200,12.0800,41.3000,17.5496,0.7321,3.7748,0.0000,10.0000,3.7649,
14.50,17.0,2.4933,12.0067,42.1000,17.1116,0.7063,3.5558,0.0000,10.0000,3.6335,
14.50,17.5,2.5667,11.9333,42.9000,16.6900,0.6819,3.3450,0.0000,10.0000,3.5070,
14.50,18.0,2.6400,11.8600,43.7000,16.2838,0.6589,3.1419,0.0000,10.0000,3.3851,
14.50,18.5,2.7133,11.7867,44.5000,15.8921,0.6371,2.9461,0.0000,10.0000,3.2676,
14.50,19.0,2.7867,11.7133,45.3000,15.5143,0.6165,2.7572,0.0000,10.0000,3.1543,
14.50,19.5,2.8600,11.6400,46.1000,15.1497,0.5969,2.5748,0.0000,10.0000,3.0449,
14.50,20.0,2.9333,11.5667,46.9000,14.7974,0.5783,2.3987,0.0000,10.0000,2.9392,
15.00,0.5,0.0733,14.9267,8.0000,111.9500,29.8533,10.0000,10.0000,10.0000,10.0000,SCORE_SATURATED_AT_10
15.00,1.0,0.1467,14.8533,9.5000,93.8105,14.8533,10.0000,10.0000,10.0000,10.0000,SCORE_SATURATED_AT_10
15.00,1.5,0.2200,14.7800,11.0000,80.6182,9.8533,10.0000,10.0000,10.0000,10.0000,SCORE_SATURATED_AT_10
15.00,2.0,0.2933,14.7067,12.5000,70.5920,7.3533,10.0000,10.0000,10.0000,10.0000,SCORE_SATURATED_AT_10
15.00,2.5,0.3667,14.6333,13.8000,63.6232,5.8533,10.0000,10.0000,10.0000,10.0000,SCORE_SATURATED_AT_10
15.00,3.0,0.4400,14.5600,15.1000,57.8543,4.8533,10.0000,10.0000,10.0000,10.0000,SCORE_SATURATED_AT_10
15.00,3.5,0.5133,14.4867,16.4000,53.0000,4.1390,10.0000,10.0000,10.0000,10.0000,SCORE_SATURATED_AT_10
15.00,4.0,0.5867,14.4133,17.7000,48.8588,3.6033,10.0000,10.0000,10.0000,10.0000,SCORE_SATURATED_AT_10
15.00,4.5,0.6600,14.3400,19.0000,45.2842,3.1867,10.0000,10.0000,10.0000,10.0000,SCORE_SATURATED_AT_10
15.00,5.0,0.7333,14.2667,20.3000,42.1675,2.8533,10.0000,10.0000,10.0000,10.0000,SCORE_SATURATED_AT_10
15.00,5.5,0.8067,14.1933,21.4000,39.7944,2.5806,10.0000,10.0000,10.0000,10.0000,SCORE_SATURATED_AT_10
15.00,6.0,0.8800,14.1200,22.5000,37.6533,2.3533,10.0000,10.0000,10.0000,10.0000,SCORE_SATURATED_AT_10
15.00,6.5,0.9533,14.0467,23.6000,35.7119,2.1610,10.0000,9.4068,10.0000,9.8517,
15.00,7.0,1.0267,13.9733,24.7000,33.9433,1.9962,10.0000,8.3079,10.0000,9.5770,
15.00,7.5,1.1000,13.9000,25.8000,32.3256,1.8533,10.0000,7.3556,10.0000,9.3389,
15.00,8.0,1.1733,13.8267,26.9000,30.8401,1.7283,10.0000,6.5222,10.0000,9.1306,
15.00,8.5,1.2467,13.7533,27.8000,29.6835,1.6180,9.8417,5.7869,10.0000,8.8518,
15.00,9.0,1.3200,13.6800,28.7000,28.5993,1.5200,9.2997,5.1333,10.0000,8.3631,
15.00,9.5,1.3933,13.6067,29.6000,27.5811,1.4323,8.7905,4.5485,10.0000,7.9115,
15.00,10.0,1.4667,13.5333,30.5000,26.6230,1.3533,8.3115,4.0222,10.0000,7.4924,
15.00,10.5,1.5400,13.4600,31.4000,25.7197,1.2819,7.8599,3.5460,10.0000,7.1024,
15.00,11.0,1.6133,13.3867,32.3000,24.8669,1.2170,7.4334,3.1131,10.0000,6.7383,
15.00,11.5,1.6867,13.3133,33.2000,24.0602,1.1577,7.0301,2.7179,10.0000,6.3975,
15.00,12.0,1.7600,13.2400,34.1000,23.2962,1.1033,6.6481,2.3556,10.0000,6.0777,
15.00,12.5,1.8333,13.1667,34.9000,22.6361,1.0533,6.3181,2.0222,10.0000,5.7964,
15.00,13.0,1.9067,13.0933,35.7000,22.0056,1.0072,6.0028,1.7145,10.0000,5.5303,
15.00,13.5,1.9800,13.0200,36.5000,21.4027,0.9644,5.7014,1.4296,10.0000,5.2782,
15.00,14.0,2.0533,12.9467,37.3000,20.8257,0.9248,5.4129,1.1651,10.0000,5.0390,
15.00,14.5,2.1267,12.8733,38.1000,20.2730,0.8878,5.1365,0.9188,10.0000,4.8116,
15.00,15.0,2.2000,12.8000,38.9000,19.7429,0.8533,4.8715,0.6889,10.0000,4.5951,
15.00,15.5,2.2733,12.7267,39.7000,19.2343,0.8211,4.6171,0.4738,10.0000,4.3887,
15.00,16.0,2.3467,12.6533,40.5000,18.7457,0.7908,4.3728,0.2722,10.0000,4.1918,
15.00,16.5,2.4200,12.5800,41.3000,18.2760,0.7624,4.1380,0.0828,10.0000,4.0035,
15.00,17.0,2.4933,12.5067,42.1000,17.8242,0.7357,3.9121,0.0000,10.0000,3.8473,
15.00,17.5,2.5667,12.4333,42.9000,17.3893,0.7105,3.6946,0.0000,10.0000,3.7168,
15.00,18.0,2.6400,12.3600,43.7000,16.9703,0.6867,3.4851,0.0000,10.0000,3.5911,
15.00,18.5,2.7133,12.2867,44.5000,16.5663,0.6641,3.2831,0.0000,10.0000,3.4699,
15.00,19.0,2.7867,12.2133,45.3000,16.1766,0.6428,3.0883,0.0000,10.0000,3.3530,
15.00,19.5,2.8600,12.1400,46.1000,15.8004,0.6226,2.9002,0.0000,10.0000,3.2401,
15.00,20.0,2.9333,12.0667,46.9000,15.4371,0.6033,2.7186,0.0000,10.0000,3.1311,
15.50,0.5,0.0733,15.4267,8.0000,115.7000,30.8533,10.0000,10.0000,10.0000,10.0000,SCORE_SATURATED_AT_10
15.50,1.0,0.1467,15.3533,9.5000,96.9684,15.3533,10.0000,10.0000,10.0000,10.0000,SCORE_SATURATED_AT_10
15.50,1.5,0.2200,15.2800,11.0000,83.3455,10.1867,10.0000,10.0000,10.0000,10.0000,SCORE_SATURATED_AT_10
15.50,2.0,0.2933,15.2067,12.5000,72.9920,7.6033,10.0000,10.0000,10.0000,10.0000,SCORE_SATURATED_AT_10
15.50,2.5,0.3667,15.1333,13.8000,65.7971,6.0533,10.0000,10.0000,10.0000,10.0000,SCORE_SATURATED_AT_10
15.50,3.0,0.4400,15.0600,15.1000,59.8411,5.0200,10.0000,10.0000,10.0000,10.0000,SCORE_SATURATED_AT_10
15.50,3.5,0.5133,14.9867,16.4000,54.8293,4.2819,10.0000,10.0000,10.0000,10.0000,SCORE_SATURATED_AT_10
15.50,4.0,0.5867,14.9133,17.7000,50.5537,3.7283,10.0000,10.0000,10.0000,10.0000,SCORE_SATURATED_AT_10
15.50,4.5,0.6600,14.8400,19.0000,46.8632,3.2978,10.0000,10.0000,10.0000,10.0000,SCORE_SATURATED_AT_10
15.50,5.0,0.7333,14.7667,20.3000,43.6453,2.9533,10.0000,10.0000,10.0000,10.0000,SCORE_SATURATED_AT_10
15.50,5.5,0.8067,14.6933,21.4000,41.1963,2.6715,10.0000,10.0000,10.0000,10.0000,SCORE_SATURATED_AT_10
15.50,6.0,0.8800,14.6200,22.5000,38.9867,2.4367,10.0000,10.0000,10.0000,10.0000,SCORE_SATURATED_AT_10
15.50,6.5,0.9533,14.5467,23.6000,36.9831,2.2379,10.0000,9.9197,10.0000,9.9799,SCORE_SATURATED_AT_10
15.50,7.0,1.0267,14.4733,24.7000,35.1579,2.0676,10.0000,8.7841,10.0000,9.6960,
15.50,7.5,1.1000,14.4000,25.8000,33.4884,1.9200,10.0000,7.8000,10.0000,9.4500,
15.50,8.0,1.1733,14.3267,26.9000,31.9554,1.7908,10.0000,6.9389,10.0000,9.2347,
15.50,8.5,1.2467,14.2533,27.8000,30.7626,1.6769,10.0000,6.1791,10.0000,9.0448,
15.50,9.0,1.3200,14.1800,28.7000,29.6446,1.5756,9.8223,5.5037,10.0000,8.7693,
15.50,9.5,1.3933,14.1067,29.6000,28.5946,1.4849,9.2973,4.8994,10.0000,8.3032,
15.50,10.0,1.4667,14.0333,30.5000,27.6066,1.4033,8.8033,4.3556,10.0000,7.8709,
15.50,10.5,1.5400,13.9600,31.4000,26.6752,1.3295,8.3376,3.8635,10.0000,7.4684,
15.50,11.0,1.6133,13.8867,32.3000,25.7957,1.2624,7.8978,3.4162,10.0000,7.0927,
15.50,11.5,1.6867,13.8133,33.2000,24.9639,1.2012,7.4819,3.0077,10.0000,6.7411,
15.50,12.0,1.7600,13.7400,34.1000,24.1760,1.1450,7.0880,2.6333,10.0000,6.4111,
15.50,12.5,1.8333,13.6667,34.9000,23.4957,1.0933,6.7479,2.2889,10.0000,6.1209,
15.50,13.0,1.9067,13.5933,35.7000,22.8459,1.0456,6.4230,1.9709,10.0000,5.8465,
15.50,13.5,1.9800,13.5200,36.5000,22.2247,1.0015,6.1123,1.6765,10.0000,5.5865,
15.50,14.0,2.0533,13.4467,37.3000,21.6300,0.9605,5.8150,1.4032,10.0000,5.3398,
15.50,14.5,2.1267,13.3733,38.1000,21.0604,0.9223,5.5302,1.1487,10.0000,5.1053,
15.50,15.0,2.2000,13.3000,38.9000,20.5141,0.8867,5.2571,0.9111,10.0000,4.8820,
15.50,15.5,2.2733,13.2267,39.7000,19.9899,0.8533,4.9950,0.6889,10.0000,4.6692,
15.50,16.0,2.3467,13.1533,40.5000,19.4864,0.8221,4.7432,0.4806,10.0000,4.4661,
15.50,16.5,2.4200,13.0800,41.3000,19.0024,0.7927,4.5012,0.2848,10.0000,4.2719,
15.50,17.0,2.4933,13.0067,42.1000,18.5368,0.7651,4.2684,0.1007,10.0000,4.0862,
15.50,17.5,2.5667,12.9333,42.9000,18.0886,0.7390,4.0443,0.0000,10.0000,3.9266,
15.50,18.0,2.6400,12.8600,43.7000,17.6568,0.7144,3.8284,0.0000,10.0000,3.7970,
15.50,18.5,2.7133,12.7867,44.5000,17.2404,0.6912,3.6202,0.0000,10.0000,3.6721,
15.50,19.0,2.7867,12.7133,45.3000,16.8389,0.6691,3.4194,0.0000,10.0000,3.5517,
15.50,19.5,2.8600,12.6400,46.1000,16.4512,0.6482,3.2256,0.0000,10.0000,3.4354,
15.50,20.0,2.9333,12.5667,46.9000,16.0768,0.6283,3.0384,0.0000,10.0000,3.3230,
16.00,0.5,0.0733,15.9267,8.0000,119.4500,31.8533,10.0000,10.0000,10.0000,10.0000,SCORE_SATURATED_AT_10
16.00,1.0,0.1467,15.8533,9.5000,100.1263,15.8533,10.0000,10.0000,10.0000,10.0000,SCORE_SATURATED_AT_10
16.00,1.5,0.2200,15.7800,11.0000,86.0727,10.5200,10.0000,10.0000,10.0000,10.0000,SCORE_SATURATED_AT_10
16.00,2.0,0.2933,15.7067,12.5000,75.3920,7.8533,10.0000,10.0000,10.0000,10.0000,SCORE_SATURATED_AT_10
16.00,2.5,0.3667,15.6333,13.8000,67.9710,6.2533,10.0000,10.0000,10.0000,10.0000,SCORE_SATURATED_AT_10
16.00,3.0,0.4400,15.5600,15.1000,61.8278,5.1867,10.0000,10.0000,10.0000,10.0000,SCORE_SATURATED_AT_10
16.00,3.5,0.5133,15.4867,16.4000,56.6585,4.4248,10.0000,10.0000,10.0000,10.0000,SCORE_SATURATED_AT_10
16.00,4.0,0.5867,15.4133,17.7000,52.2486,3.8533,10.0000,10.0000,10.0000,10.0000,SCORE_SATURATED_AT_10
16.00,4.5,0.6600,15.3400,19.0000,48.4421,3.4089,10.0000,10.0000,10.0000,10.0000,SCORE_SATURATED_AT_10
16.00,5.0,0.7333,15.2667,20.3000,45.1232,3.0533,10.0000,10.0000,10.0000,10.0000,SCORE_SATURATED_AT_10
16.00,5.5,0.8067,15.1933,21.4000,42.5981,2.7624,10.0000,10.0000,10.0000,10.0000,SCORE_SATURATED_AT_10
16.00,6.0,0.8800,15.1200,22.5000,40.3200,2.5200,10.0000,10.0000,10.0000,10.0000,SCORE_SATURATED_AT_10
16.00,6.5,0.9533,15.0467,23.6000,38.2542,2.3149,10.0000,10.0000,10.0000,10.0000,SCORE_SATURATED_AT_10
16.00,7.0,1.0267,14.9733,24.7000,36.3725,2.1390,10.0000,9.2603,10.0000,9.8151,
16.00,7.5,1.1000,14.9000,25.8000,34.6512,1.9867,10.0000,8.2444,10.0000,9.5611,
16.00,8.0,1.1733,14.8267,26.9000,33.0706,1.8533,10.0000,7.3556,10.0000,9.3389,
16.00,8.5,1.2467,14.7533,27.8000,31.8417,1.7357,10.0000,6.5712,10.0000,9.1428,
16.00,9.0,1.3200,14.6800,28.7000,30.6899,1.6311,10.0000,5.8741,10.0000,8.9685,
16.00,9.5,1.3933,14.6067,29.6000,29.6081,1.5375,9.8041,5.2503,10.0000,8.6950,
16.00,10.0,1.4667,14.5333,30.5000,28.5902,1.4533,9.2951,4.6889,10.0000,8.2493,
16.00,10.5,1.5400,14.4600,31.4000,27.6306,1.3771,8.8153,4.1810,10.0000,7.8344,
16.00,11.0,1.6133,14.3867,32.3000,26.7245,1.3079,8.3622,3.7192,10.0000,7.4471,
16.00,11.5,1.6867,14.3133,33.2000,25.8675,1.2446,7.9337,3.2976,10.0000,7.0846,
16.00,12.0,1.7600,14.2400,34.1000,25.0557,1.1867,7.5279,2.9111,10.0000,6.7445,
16.00,12.5,1.8333,14.1667,34.9000,24.3553,1.1333,7.1777,2.5556,10.0000,6.4455,
16.00,13.0,1.9067,14.0933,35.7000,23.6863,1.0841,6.8431,2.2274,10.0000,6.1627,
16.00,13.5,1.9800,14.0200,36.5000,23.0466,1.0385,6.5233,1.9235,10.0000,5.8948,
16.00,14.0,2.0533,13.9467,37.3000,22.4343,0.9962,6.2172,1.6413,10.0000,5.6406,
16.00,14.5,2.1267,13.8733,38.1000,21.8478,0.9568,5.9239,1.3785,10.0000,5.3990,
16.00,15.0,2.2000,13.8000,38.9000,21.2853,0.9200,5.6427,1.1333,10.0000,5.1689,
16.00,15.5,2.2733,13.7267,39.7000,20.7456,0.8856,5.3728,0.9039,10.0000,4.9497,
16.00,16.0,2.3467,13.6533,40.5000,20.2272,0.8533,5.1136,0.6889,10.0000,4.7404,
16.00,16.5,2.4200,13.5800,41.3000,19.7288,0.8230,4.8644,0.4869,10.0000,4.5404,
16.00,17.0,2.4933,13.5067,42.1000,19.2494,0.7945,4.6247,0.2967,10.0000,4.3490,
16.00,17.5,2.5667,13.4333,42.9000,18.7879,0.7676,4.3939,0.1175,10.0000,4.1657,
16.00,18.0,2.6400,13.3600,43.7000,18.3432,0.7422,4.1716,0.0000,10.0000,4.0030,
16.00,18.5,2.7133,13.2867,44.5000,17.9146,0.7182,3.9573,0.0000,10.0000,3.8744,
16.00,19.0,2.7867,13.2133,45.3000,17.5011,0.6954,3.7506,0.0000,10.0000,3.7503,
16.00,19.5,2.8600,13.1400,46.1000,17.1020,0.6738,3.5510,0.0000,10.0000,3.6306,
16.00,20.0,2.9333,13.0667,46.9000,16.7164,0.6533,3.3582,0.0000,10.0000,3.5149,
16.50,0.5,0.0733,16.4267,8.0000,123.2000,32.8533,10.0000,10.0000,10.0000,10.0000,SCORE_SATURATED_AT_10
16.50,1.0,0.1467,16.3533,9.5000,103.2842,16.3533,10.0000,10.0000,10.0000,10.0000,SCORE_SATURATED_AT_10
16.50,1.5,0.2200,16.2800,11.0000,88.8000,10.8533,10.0000,10.0000,10.0000,10.0000,SCORE_SATURATED_AT_10
16.50,2.0,0.2933,16.2067,12.5000,77.7920,8.1033,10.0000,10.0000,10.0000,10.0000,SCORE_SATURATED_AT_10
16.50,2.5,0.3667,16.1333,13.8000,70.1449,6.4533,10.0000,10.0000,10.0000,10.0000,SCORE_SATURATED_AT_10
16.50,3.0,0.4400,16.0600,15.1000,63.8146,5.3533,10.0000,10.0000,10.0000,10.0000,SCORE_SATURATED_AT_10
16.50,3.5,0.5133,15.9867,16.4000,58.4878,4.5676,10.0000,10.0000,10.0000,10.0000,SCORE_SATURATED_AT_10
16.50,4.0,0.5867,15.9133,17.7000,53.9435,3.9783,10.0000,10.0000,10.0000,10.0000,SCORE_SATURATED_AT_10
16.50,4.5,0.6600,15.8400,19.0000,50.0211,3.5200,10.0000,10.0000,10.0000,10.0000,SCORE_SATURATED_AT_10
16.50,5.0,0.7333,15.7667,20.3000,46.6010,3.1533,10.0000,10.0000,10.0000,10.0000,SCORE_SATURATED_AT_10
16.50,5.5,0.8067,15.6933,21.4000,44.0000,2.8533,10.0000,10.0000,10.0000,10.0000,SCORE_SATURATED_AT_10
16.50,6.0,0.8800,15.6200,22.5000,41.6533,2.6033,10.0000,10.0000,10.0000,10.0000,SCORE_SATURATED_AT_10
16.50,6.5,0.9533,15.5467,23.6000,39.5254,2.3918,10.0000,10.0000,10.0000,10.0000,SCORE_SATURATED_AT_10
16.50,7.0,1.0267,15.4733,24.7000,37.5870,2.2105,10.0000,9.7365,10.0000,9.9341,
16.50,7.5,1.1000,15.4000,25.8000,35.8140,2.0533,10.0000,8.6889,10.0000,9.6722,
16.50,8.0,1.1733,15.3267,26.9000,34.1859,1.9158,10.0000,7.7722,10.0000,9.4431,
16.50,8.5,1.2467,15.2533,27.8000,32.9209,1.7945,10.0000,6.9634,10.0000,9.2408,
16.50,9.0,1.3200,15.1800,28.7000,31.7352,1.6867,10.0000,6.2444,10.0000,9.0611,
16.50,9.5,1.3933,15.1067,29.6000,30.6216,1.5902,10.0000,5.6012,10.0000,8.9003,
16.50,10.0,1.4667,15.0333,30.5000,29.5738,1.5033,9.7869,5.0222,10.0000,8.6277,
16.50,10.5,1.5400,14.9600,31.4000,28.5860,1.4248,9.2930,4.4984,10.0000,8.2004,
16.50,11.0,1.6133,14.8867,32.3000,27.6533,1.3533,8.8266,4.0222,10.0000,7.8015,
16.50,11.5,1.6867,14.8133,33.2000,26.7711,1.2881,8.3855,3.5874,10.0000,7.4282,
16.50,12.0,1.7600,14.7400,34.1000,25.9355,1.2283,7.9677,3.1889,10.0000,7.0779,
16.50,12.5,1.8333,14.6667,34.9000,25.2149,1.1733,7.6074,2.8222,10.0000,6.7700,
16.50,13.0,1.9067,14.5933,35.7000,24.5266,1.1226,7.2633,2.4838,10.0000,6.4789,
16.50,13.5,1.9800,14.5200,36.5000,23.8685,1.0756,6.9342,2.1704,10.0000,6.2031,
16.50,14.0,2.0533,14.4467,37.3000,23.2386,1.0319,6.6193,1.8794,10.0000,5.9414,
16.50,14.5,2.1267,14.3733,38.1000,22.6352,0.9913,6.3176,1.6084,10.0000,5.6927,
16.50,15.0,2.2000,14.3000,38.9000,22.0566,0.9533,6.0283,1.3556,10.0000,5.4559,
16.50,15.5,2.2733,14.2267,39.7000,21.5013,0.9178,5.7506,1.1190,10.0000,5.2301,
16.50,16.0,2.3467,14.1533,40.5000,20.9679,0.8846,5.4840,0.8972,10.0000,5.0147,
16.50,16.5,2.4200,14.0800,41.3000,20.4552,0.8533,5.2276,0.6889,10.0000,4.8088,
16.50,17.0,2.4933,14.0067,42.1000,19.9620,0.8239,4.9810,0.4928,10.0000,4.6118,
16.50,17.5,2.5667,13.9333,42.9000,19.4872,0.7962,4.7436,0.3079,10.0000,4.4231,
16.50,18.0,2.6400,13.8600,43.7000,19.0297,0.7700,4.5149,0.1333,10.0000,4.2423,
16.50,18.5,2.7133,13.7867,44.5000,18.5888,0.7452,4.2944,0.0000,10.0000,4.0766,
16.50,19.0,2.7867,13.7133,45.3000,18.1634,0.7218,4.0817,0.0000,10.0000,3.9490,
16.50,19.5,2.8600,13.6400,46.1000,17.7527,0.6995,3.8764,0.0000,10.0000,3.8258,
16.50,20.0,2.9333,13.5667,46.9000,17.3561,0.6783,3.6780,0.0000,10.0000,3.7068,
17.00,0.5,0.0733,16.9267,8.0000,126.9500,33.8533,10.0000,10.0000,10.0000,10.0000,SCORE_SATURATED_AT_10
17.00,1.0,0.1467,16.8533,9.5000,106.4421,16.8533,10.0000,10.0000,10.0000,10.0000,SCORE_SATURATED_AT_10
17.00,1.5,0.2200,16.7800,11.0000,91.5273,11.1867,10.0000,10.0000,10.0000,10.0000,SCORE_SATURATED_AT_10
17.00,2.0,0.2933,16.7067,12.5000,80.1920,8.3533,10.0000,10.0000,10.0000,10.0000,SCORE_SATURATED_AT_10
17.00,2.5,0.3667,16.6333,13.8000,72.3188,6.6533,10.0000,10.0000,10.0000,10.0000,SCORE_SATURATED_AT_10
17.00,3.0,0.4400,16.5600,15.1000,65.8013,5.5200,10.0000,10.0000,10.0000,10.0000,SCORE_SATURATED_AT_10
17.00,3.5,0.5133,16.4867,16.4000,60.3171,4.7105,10.0000,10.0000,10.0000,10.0000,SCORE_SATURATED_AT_10
17.00,4.0,0.5867,16.4133,17.7000,55.6384,4.1033,10.0000,10.0000,10.0000,10.0000,SCORE_SATURATED_AT_10
17.00,4.5,0.6600,16.3400,19.0000,51.6000,3.6311,10.0000,10.0000,10.0000,10.0000,SCORE_SATURATED_AT_10
17.00,5.0,0.7333,16.2667,20.3000,48.0788,3.2533,10.0000,10.0000,10.0000,10.0000,SCORE_SATURATED_AT_10
17.00,5.5,0.8067,16.1933,21.4000,45.4019,2.9442,10.0000,10.0000,10.0000,10.0000,SCORE_SATURATED_AT_10
17.00,6.0,0.8800,16.1200,22.5000,42.9867,2.6867,10.0000,10.0000,10.0000,10.0000,SCORE_SATURATED_AT_10
17.00,6.5,0.9533,16.0467,23.6000,40.7966,2.4687,10.0000,10.0000,10.0000,10.0000,SCORE_SATURATED_AT_10
17.00,7.0,1.0267,15.9733,24.7000,38.8016,2.2819,10.0000,10.0000,10.0000,10.0000,SCORE_SATURATED_AT_10
17.00,7.5,1.1000,15.9000,25.8000,36.9767,2.1200,10.0000,9.1333,10.0000,9.7833,
17.00,8.0,1.1733,15.8267,26.9000,35.3011,1.9783,10.0000,8.1889,10.0000,9.5472,
17.00,8.5,1.2467,15.7533,27.8000,34.0000,1.8533,10.0000,7.3556,10.0000,9.3389,
17.00,9.0,1.3200,15.6800,28.7000,32.7805,1.7422,10.0000,6.6148,10.0000,9.1537,
17.00,9.5,1.3933,15.6067,29.6000,31.6351,1.6428,10.0000,5.9520,10.0000,8.9880,
17.00,10.0,1.4667,15.5333,30.5000,30.5574,1.5533,10.0000,5.3556,10.0000,8.8389,
17.00,10.5,1.5400,15.4600,31.4000,29.5414,1.4724,9.7707,4.8159,10.0000,8.5664,
17.00,11.0,1.6133,15.3867,32.3000,28.5820,1.3988,9.2910,4.3253,10.0000,8.1559,
17.00,11.5,1.6867,15.3133,33.2000,27.6747,1.3316,8.8373,3.8773,10.0000,7.7717,
17.00,12.0,1.7600,15.2400,34.1000,26.8152,1.2700,8.4076,3.4667,10.0000,7.4112,
17.00,12.5,1.8333,15.1667,34.9000,26.0745,1.2133,8.0372,3.0889,10.0000,7.0946,
17.00,13.0,1.9067,15.0933,35.7000,25.3669,1.1610,7.6835,2.7402,10.0000,6.7951,
17.00,13.5,1.9800,15.0200,36.5000,24.6904,1.1126,7.3452,2.4173,10.0000,6.5114,
17.00,14.0,2.0533,14.9467,37.3000,24.0429,1.0676,7.0214,2.1175,10.0000,6.2422,
17.00,14.5,2.1267,14.8733,38.1000,23.4226,1.0257,6.7113,1.8383,10.0000,5.9864,
17.00,15.0,2.2000,14.8000,38.9000,22.8278,0.9867,6.4139,1.5778,10.0000,5.7428,
17.00,15.5,2.2733,14.7267,39.7000,22.2569,0.9501,6.1285,1.3341,10.0000,5.5106,
17.00,16.0,2.3467,14.6533,40.5000,21.7086,0.9158,5.8543,1.1056,10.0000,5.2890,
17.00,16.5,2.4200,14.5800,41.3000,21.1816,0.8836,5.5908,0.8909,10.0000,5.0772,
17.00,17.0,2.4933,14.5067,42.1000,20.6746,0.8533,5.3373,0.6889,10.0000,4.8746,
17.00,17.5,2.5667,14.4333,42.9000,20.1865,0.8248,5.0932,0.4984,10.0000,4.6805,
17.00,18.0,2.6400,14.3600,43.7000,19.7162,0.7978,4.8581,0.3185,10.0000,4.4945,
17.00,18.5,2.7133,14.2867,44.5000,19.2629,0.7723,4.6315,0.1483,10.0000,4.3160,
17.00,19.0,2.7867,14.2133,45.3000,18.8256,0.7481,4.4128,0.0000,10.0000,4.1477,
17.00,19.5,2.8600,14.1400,46.1000,18.4035,0.7251,4.2017,0.0000,10.0000,4.0210,
17.00,20.0,2.9333,14.0667,46.9000,17.9957,0.7033,3.9979,0.0000,10.0000,3.8987,
17.50,0.5,0.0733,17.4267,8.0000,130.7000,34.8533,10.0000,10.0000,10.0000,10.0000,SCORE_SATURATED_AT_10
17.50,1.0,0.1467,17.3533,9.5000,109.6000,17.3533,10.0000,10.0000,10.0000,10.0000,SCORE_SATURATED_AT_10
17.50,1.5,0.2200,17.2800,11.0000,94.2545,11.5200,10.0000,10.0000,10.0000,10.0000,SCORE_SATURATED_AT_10
17.50,2.0,0.2933,17.2067,12.5000,82.5920,8.6033,10.0000,10.0000,10.0000,10.0000,SCORE_SATURATED_AT_10
17.50,2.5,0.3667,17.1333,13.8000,74.4928,6.8533,10.0000,10.0000,10.0000,10.0000,SCORE_SATURATED_AT_10
17.50,3.0,0.4400,17.0600,15.1000,67.7881,5.6867,10.0000,10.0000,10.0000,10.0000,SCORE_SATURATED_AT_10
17.50,3.5,0.5133,16.9867,16.4000,62.1463,4.8533,10.0000,10.0000,10.0000,10.0000,SCORE_SATURATED_AT_10
17.50,4.0,0.5867,16.9133,17.7000,57.3333,4.2283,10.0000,10.0000,10.0000,10.0000,SCORE_SATURATED_AT_10
17.50,4.5,0.6600,16.8400,19.0000,53.1789,3.7422,10.0000,10.0000,10.0000,10.0000,SCORE_SATURATED_AT_10
17.50,5.0,0.7333,16.7667,20.3000,49.5567,3.3533,10.0000,10.0000,10.0000,10.0000,SCORE_SATURATED_AT_10
17.50,5.5,0.8067,16.6933,21.4000,46.8037,3.0352,10.0000,10.0000,10.0000,10.0000,SCORE_SATURATED_AT_10
17.50,6.0,0.8800,16.6200,22.5000,44.3200,2.7700,10.0000,10.0000,10.0000,10.0000,SCORE_SATURATED_AT_10
17.50,6.5,0.9533,16.5467,23.6000,42.0678,2.5456,10.0000,10.0000,10.0000,10.0000,SCORE_SATURATED_AT_10
17.50,7.0,1.0267,16.4733,24.7000,40.0162,2.3533,10.0000,10.0000,10.0000,10.0000,SCORE_SATURATED_AT_10
17.50,7.5,1.1000,16.4000,25.8000,38.1395,2.1867,10.0000,9.5778,10.0000,9.8944,
17.50,8.0,1.1733,16.3267,26.9000,36.4164,2.0408,10.0000,8.6056,10.0000,9.6514,
17.50,8.5,1.2467,16.2533,27.8000,35.0791,1.9122,10.0000,7.7477,10.0000,9.4369,
17.50,9.0,1.3200,16.1800,28.7000,33.8258,1.7978,10.0000,6.9852,10.0000,9.2463,
17.50,9.5,1.3933,16.1067,29.6000,32.6486,1.6954,10.0000,6.3029,10.0000,9.0757,
17.50,10.0,1.4667,16.0333,30.5000,31.5410,1.6033,10.0000,5.6889,10.0000,8.9222,
17.50,10.5,1.5400,15.9600,31.4000,30.4968,1.5200,10.0000,5.1333,10.0000,8.7833,
17.50,11.0,1.6133,15.8867,32.3000,29.5108,1.4442,9.7554,4.6283,10.0000,8.5103,
17.50,11.5,1.6867,15.8133,33.2000,28.5783,1.3751,9.2892,4.1671,10.0000,8.1153,
17.50,12.0,1.7600,15.7400,34.1000,27.6950,1.3117,8.8475,3.7444,10.0000,7.7446,
17.50,12.5,1.8333,15.6667,34.9000,26.9341,1.2533,8.4670,3.3556,10.0000,7.4191,
17.50,13.0,1.9067,15.5933,35.7000,26.2073,1.1995,8.1036,2.9966,10.0000,7.1113,
17.50,13.5,1.9800,15.5200,36.5000,25.5123,1.1496,7.7562,2.6642,10.0000,6.8197,
17.50,14.0,2.0533,15.4467,37.3000,24.8472,1.1033,7.4236,2.3556,10.0000,6.5430,
17.50,14.5,2.1267,15.3733,38.1000,24.2100,1.0602,7.1050,2.0682,10.0000,6.2800,
17.50,15.0,2.2000,15.3000,38.9000,23.5990,1.0200,6.7995,1.8000,10.0000,6.0297,
17.50,15.5,2.2733,15.2267,39.7000,23.0126,0.9824,6.5063,1.5491,10.0000,5.7911,
17.50,16.0,2.3467,15.1533,40.5000,22.4494,0.9471,6.2247,1.3139,10.0000,5.5633,
17.50,16.5,2.4200,15.0800,41.3000,21.9080,0.9139,5.9540,1.0929,10.0000,5.3456,
17.50,17.0,2.4933,15.0067,42.1000,21.3872,0.8827,5.6936,0.8850,10.0000,5.1374,
17.50,17.5,2.5667,14.9333,42.9000,20.8858,0.8533,5.4429,0.6889,10.0000,4.9380,
17.50,18.0,2.6400,14.8600,43.7000,20.4027,0.8256,5.2014,0.5037,10.0000,4.7467,
17.50,18.5,2.7133,14.7867,44.5000,19.9371,0.7993,4.9685,0.3285,10.0000,4.5633,
17.50,19.0,2.7867,14.7133,45.3000,19.4879,0.7744,4.7439,0.1626,10.0000,4.3870,
17.50,19.5,2.8600,14.6400,46.1000,19.0542,0.7508,4.5271,0.0051,10.0000,4.2176,
17.50,20.0,2.9333,14.5667,46.9000,18.6354,0.7283,4.3177,0.0000,10.0000,4.0906,
18.00,0.5,0.0733,17.9267,8.0000,134.4500,35.8533,10.0000,10.0000,10.0000,10.0000,SCORE_SATURATED_AT_10
18.00,1.0,0.1467,17.8533,9.5000,112.7579,17.8533,10.0000,10.0000,10.0000,10.0000,SCORE_SATURATED_AT_10
18.00,1.5,0.2200,17.7800,11.0000,96.9818,11.8533,10.0000,10.0000,10.0000,10.0000,SCORE_SATURATED_AT_10
18.00,2.0,0.2933,17.7067,12.5000,84.9920,8.8533,10.0000,10.0000,10.0000,10.0000,SCORE_SATURATED_AT_10
18.00,2.5,0.3667,17.6333,13.8000,76.6667,7.0533,10.0000,10.0000,10.0000,10.0000,SCORE_SATURATED_AT_10
18.00,3.0,0.4400,17.5600,15.1000,69.7748,5.8533,10.0000,10.0000,10.0000,10.0000,SCORE_SATURATED_AT_10
18.00,3.5,0.5133,17.4867,16.4000,63.9756,4.9962,10.0000,10.0000,10.0000,10.0000,SCORE_SATURATED_AT_10
18.00,4.0,0.5867,17.4133,17.7000,59.0282,4.3533,10.0000,10.0000,10.0000,10.0000,SCORE_SATURATED_AT_10
18.00,4.5,0.6600,17.3400,19.0000,54.7579,3.8533,10.0000,10.0000,10.0000,10.0000,SCORE_SATURATED_AT_10
18.00,5.0,0.7333,17.2667,20.3000,51.0345,3.4533,10.0000,10.0000,10.0000,10.0000,SCORE_SATURATED_AT_10
18.00,5.5,0.8067,17.1933,21.4000,48.2056,3.1261,10.0000,10.0000,10.0000,10.0000,SCORE_SATURATED_AT_10
18.00,6.0,0.8800,17.1200,22.5000,45.6533,2.8533,10.0000,10.0000,10.0000,10.0000,SCORE_SATURATED_AT_10
18.00,6.5,0.9533,17.0467,23.6000,43.3390,2.6226,10.0000,10.0000,10.0000,10.0000,SCORE_SATURATED_AT_10
18.00,7.0,1.0267,16.9733,24.7000,41.2308,2.4248,10.0000,10.0000,10.0000,10.0000,SCORE_SATURATED_AT_10
18.00,7.5,1.1000,16.9000,25.8000,39.3023,2.2533,10.0000,10.0000,10.0000,10.0000,SCORE_SATURATED_AT_10
18.00,8.0,1.1733,16.8267,26.9000,37.5316,2.1033,10.0000,9.0222,10.0000,9.7556,
18.00,8.5,1.2467,16.7533,27.8000,36.1583,1.9710,10.0000,8.1399,10.0000,9.5350,
18.00,9.0,1.3200,16.6800,28.7000,34.8711,1.8533,10.0000,7.3556,10.0000,9.3389,
18.00,9.5,1.3933,16.6067,29.6000,33.6622,1.7481,10.0000,6.6538,10.0000,9.1635,
18.00,10.0,1.4667,16.5333,30.5000,32.5246,1.6533,10.0000,6.0222,10.0000,9.0056,
18.00,10.5,1.5400,16.4600,31.4000,31.4522,1.5676,10.0000,5.4508,10.0000,8.8627,
18.00,11.0,1.6133,16.3867,32.3000,30.4396,1.4897,10.0000,4.9313,10.0000,8.7328,
18.00,11.5,1.6867,16.3133,33.2000,29.4819,1.4186,9.7410,4.4570,10.0000,8.4588,
18.00,12.0,1.7600,16.2400,34.1000,28.5748,1.3533,9.2874,4.0222,10.0000,8.0780,
18.00,12.5,1.8333,16.1667,34.9000,27.7937,1.2933,8.8968,3.6222,10.0000,7.7437,
18.00,13.0,1.9067,16.0933,35.7000,27.0476,1.2379,8.5238,3.2530,10.0000,7.4275,
18.00,13.5,1.9800,16.0200,36.5000,26.3342,1.1867,8.1671,2.9111,10.0000,7.1281,
18.00,14.0,2.0533,15.9467,37.3000,25.6515,1.1390,7.8257,2.5937,10.0000,6.8439,
18.00,14.5,2.1267,15.8733,38.1000,24.9974,1.0947,7.4987,2.2981,10.0000,6.5737,
18.00,15.0,2.2000,15.8000,38.9000,24.3702,1.0533,7.1851,2.0222,10.0000,6.3166,
18.00,15.5,2.2733,15.7267,39.7000,23.7683,1.0146,6.8841,1.7642,10.0000,6.0715,
18.00,16.0,2.3467,15.6533,40.5000,23.1901,0.9783,6.5951,1.5222,10.0000,5.8376,
18.00,16.5,2.4200,15.5800,41.3000,22.6344,0.9442,6.3172,1.2949,10.0000,5.6141,
18.00,17.0,2.4933,15.5067,42.1000,22.0998,0.9122,6.0499,1.0810,10.0000,5.4002,
18.00,17.5,2.5667,15.4333,42.9000,21.5851,0.8819,5.7925,0.8794,10.0000,5.1954,
18.00,18.0,2.6400,15.3600,43.7000,21.0892,0.8533,5.5446,0.6889,10.0000,4.9990,
18.00,18.5,2.7133,15.2867,44.5000,20.6112,0.8263,5.3056,0.5087,10.0000,4.8105,
18.00,19.0,2.7867,15.2133,45.3000,20.1501,0.8007,5.0751,0.3380,10.0000,4.6295,
18.00,19.5,2.8600,15.1400,46.1000,19.7050,0.7764,4.8525,0.1761,10.0000,4.4555,
18.00,20.0,2.9333,15.0667,46.9000,19.2751,0.7533,4.6375,0.0222,10.0000,4.2881,
18.50,0.5,0.0733,18.4267,8.0000,138.2000,36.8533,10.0000,10.0000,10.0000,10.0000,SCORE_SATURATED_AT_10
18.50,1.0,0.1467,18.3533,9.5000,115.9158,18.3533,10.0000,10.0000,10.0000,10.0000,SCORE_SATURATED_AT_10
18.50,1.5,0.2200,18.2800,11.0000,99.7091,12.1867,10.0000,10.0000,10.0000,10.0000,SCORE_SATURATED_AT_10
18.50,2.0,0.2933,18.2067,12.5000,87.3920,9.1033,10.0000,10.0000,10.0000,10.0000,SCORE_SATURATED_AT_10
18.50,2.5,0.3667,18.1333,13.8000,78.8406,7.2533,10.0000,10.0000,10.0000,10.0000,SCORE_SATURATED_AT_10
18.50,3.0,0.4400,18.0600,15.1000,71.7616,6.0200,10.0000,10.0000,10.0000,10.0000,SCORE_SATURATED_AT_10
18.50,3.5,0.5133,17.9867,16.4000,65.8049,5.1390,10.0000,10.0000,10.0000,10.0000,SCORE_SATURATED_AT_10
18.50,4.0,0.5867,17.9133,17.7000,60.7232,4.4783,10.0000,10.0000,10.0000,10.0000,SCORE_SATURATED_AT_10
18.50,4.5,0.6600,17.8400,19.0000,56.3368,3.9644,10.0000,10.0000,10.0000,10.0000,SCORE_SATURATED_AT_10
18.50,5.0,0.7333,17.7667,20.3000,52.5123,3.5533,10.0000,10.0000,10.0000,10.0000,SCORE_SATURATED_AT_10
18.50,5.5,0.8067,17.6933,21.4000,49.6075,3.2170,10.0000,10.0000,10.0000,10.0000,SCORE_SATURATED_AT_10
18.50,6.0,0.8800,17.6200,22.5000,46.9867,2.9367,10.0000,10.0000,10.0000,10.0000,SCORE_SATURATED_AT_10
18.50,6.5,0.9533,17.5467,23.6000,44.6102,2.6995,10.0000,10.0000,10.0000,10.0000,SCORE_SATURATED_AT_10
18.50,7.0,1.0267,17.4733,24.7000,42.4453,2.4962,10.0000,10.0000,10.0000,10.0000,SCORE_SATURATED_AT_10
18.50,7.5,1.1000,17.4000,25.8000,40.4651,2.3200,10.0000,10.0000,10.0000,10.0000,SCORE_SATURATED_AT_10
18.50,8.0,1.1733,17.3267,26.9000,38.6468,2.1658,10.0000,9.4389,10.0000,9.8597,
18.50,8.5,1.2467,17.2533,27.8000,37.2374,2.0298,10.0000,8.5320,10.0000,9.6330,
18.50,9.0,1.3200,17.1800,28.7000,35.9164,1.9089,10.0000,7.7259,10.0000,9.4315,
18.50,9.5,1.3933,17.1067,29.6000,34.6757,1.8007,10.0000,7.0047,10.0000,9.2512,
18.50,10.0,1.4667,17.0333,30.5000,33.5082,1.7033,10.0000,6.3556,10.0000,9.0889,
18.50,10.5,1.5400,16.9600,31.4000,32.4076,1.6152,10.0000,5.7683,10.0000,8.9421,
18.50,11.0,1.6133,16.8867,32.3000,31.3684,1.5352,10.0000,5.2343,10.0000,8.8086,
18.50,11.5,1.6867,16.8133,33.2000,30.3855,1.4620,10.0000,4.7469,10.0000,8.6867,
18.50,12.0,1.7600,16.7400,34.1000,29.4545,1.3950,9.7273,4.3000,10.0000,8.4114,
18.50,12.5,1.8333,16.6667,34.9000,28.6533,1.3333,9.3266,3.8889,10.0000,8.0682,
18.50,13.0,1.9067,16.5933,35.7000,27.8880,1.2764,8.9440,3.5094,10.0000,7.7437,
18.50,13.5,1.9800,16.5200,36.5000,27.1562,1.2237,8.5781,3.1580,10.0000,7.4364,
18.50,14.0,2.0533,16.4467,37.3000,26.4558,1.1748,8.2279,2.8317,10.0000,7.1447,
18.50,14.5,2.1267,16.3733,38.1000,25.7848,1.1292,7.8924,2.5280,10.0000,6.8674,
18.50,15.0,2.2000,16.3000,38.9000,25.1414,1.0867,7.5707,2.2444,10.0000,6.6035,
18.50,15.5,2.2733,16.2267,39.7000,24.5239,1.0469,7.2620,1.9792,10.0000,6.3520,
18.50,16.0,2.3467,16.1533,40.5000,23.9309,1.0096,6.9654,1.7306,10.0000,6.1119,
18.50,16.5,2.4200,16.0800,41.3000,23.3608,0.9745,6.6804,1.4970,10.0000,5.8825,
18.50,17.0,2.4933,16.0067,42.1000,22.8124,0.9416,6.4062,1.2771,10.0000,5.6630,
18.50,17.5,2.5667,15.9333,42.9000,22.2844,0.9105,6.1422,1.0698,10.0000,5.4528,
18.50,18.0,2.6400,15.8600,43.7000,21.7757,0.8811,5.8879,0.8741,10.0000,5.2512,
18.50,18.5,2.7133,15.7867,44.5000,21.2854,0.8533,5.6427,0.6889,10.0000,5.0578,
18.50,19.0,2.7867,15.7133,45.3000,20.8124,0.8270,5.4062,0.5135,10.0000,4.8721,
18.50,19.5,2.8600,15.6400,46.1000,20.3557,0.8021,5.1779,0.3470,10.0000,4.6935,
18.50,20.0,2.9333,15.5667,46.9000,19.9147,0.7783,4.9574,0.1889,10.0000,4.5216,
19.00,0.5,0.0733,18.9267,8.0000,141.9500,37.8533,10.0000,10.0000,10.0000,10.0000,SCORE_SATURATED_AT_10
19.00,1.0,0.1467,18.8533,9.5000,119.0737,18.8533,10.0000,10.0000,10.0000,10.0000,SCORE_SATURATED_AT_10
19.00,1.5,0.2200,18.7800,11.0000,102.4364,12.5200,10.0000,10.0000,10.0000,10.0000,SCORE_SATURATED_AT_10
19.00,2.0,0.2933,18.7067,12.5000,89.7920,9.3533,10.0000,10.0000,10.0000,10.0000,SCORE_SATURATED_AT_10
19.00,2.5,0.3667,18.6333,13.8000,81.0145,7.4533,10.0000,10.0000,10.0000,10.0000,SCORE_SATURATED_AT_10
19.00,3.0,0.4400,18.5600,15.1000,73.7483,6.1867,10.0000,10.0000,10.0000,10.0000,SCORE_SATURATED_AT_10
19.00,3.5,0.5133,18.4867,16.4000,67.6341,5.2819,10.0000,10.0000,10.0000,10.0000,SCORE_SATURATED_AT_10
19.00,4.0,0.5867,18.4133,17.7000,62.4181,4.6033,10.0000,10.0000,10.0000,10.0000,SCORE_SATURATED_AT_10
19.00,4.5,0.6600,18.3400,19.0000,57.9158,4.0756,10.0000,10.0000,10.0000,10.0000,SCORE_SATURATED_AT_10
19.00,5.0,0.7333,18.2667,20.3000,53.9901,3.6533,10.0000,10.0000,10.0000,10.0000,SCORE_SATURATED_AT_10
19.00,5.5,0.8067,18.1933,21.4000,51.0093,3.3079,10.0000,10.0000,10.0000,10.0000,SCORE_SATURATED_AT_10
19.00,6.0,0.8800,18.1200,22.5000,48.3200,3.0200,10.0000,10.0000,10.0000,10.0000,SCORE_SATURATED_AT_10
19.00,6.5,0.9533,18.0467,23.6000,45.8814,2.7764,10.0000,10.0000,10.0000,10.0000,SCORE_SATURATED_AT_10
19.00,7.0,1.0267,17.9733,24.7000,43.6599,2.5676,10.0000,10.0000,10.0000,10.0000,SCORE_SATURATED_AT_10
19.00,7.5,1.1000,17.9000,25.8000,41.6279,2.3867,10.0000,10.0000,10.0000,10.0000,SCORE_SATURATED_AT_10
19.00,8.0,1.1733,17.8267,26.9000,39.7621,2.2283,10.0000,9.8556,10.0000,9.9639,SCORE_SATURATED_AT_10
19.00,8.5,1.2467,17.7533,27.8000,38.3165,2.0886,10.0000,8.9242,10.0000,9.7310,
19.00,9.0,1.3200,17.6800,28.7000,36.9617,1.9644,10.0000,8.0963,10.0000,9.5241,
19.00,9.5,1.3933,17.6067,29.6000,35.6892,1.8533,10.0000,7.3556,10.0000,9.3389,
19.00,10.0,1.4667,17.5333,30.5000,34.4918,1.7533,10.0000,6.6889,10.0000,9.1722,
19.00,10.5,1.5400,17.4600,31.4000,33.3631,1.6629,10.0000,6.0857,10.0000,9.0214,
19.00,11.0,1.6133,17.3867,32.3000,32.2972,1.5806,10.0000,5.5374,10.0000,8.8843,
19.00,11.5,1.6867,17.3133,33.2000,31.2892,1.5055,10.0000,5.0367,10.0000,8.7592,
19.00,12.0,1.7600,17.2400,34.1000,30.3343,1.4367,10.0000,4.5778,10.0000,8.6444,
19.00,12.5,1.8333,17.1667,34.9000,29.5129,1.3733,9.7564,4.1556,10.0000,8.3928,
19.00,13.0,1.9067,17.0933,35.7000,28.7283,1.3149,9.3641,3.7658,10.0000,8.0599,
19.00,13.5,1.9800,17.0200,36.5000,27.9781,1.2607,8.9890,3.4049,10.0000,7.7447,
19.00,14.0,2.0533,16.9467,37.3000,27.2601,1.2105,8.6300,3.0698,10.0000,7.4455,
19.00,14.5,2.1267,16.8733,38.1000,26.5722,1.1637,8.2861,2.7579,10.0000,7.1611,
19.00,15.0,2.2000,16.8000,38.9000,25.9126,1.1200,7.9563,2.4667,10.0000,6.8904,
19.00,15.5,2.2733,16.7267,39.7000,25.2796,1.0791,7.6398,2.1943,10.0000,6.6324,
19.00,16.0,2.3467,16.6533,40.5000,24.6716,1.0408,7.3358,1.9389,10.0000,6.3862,
19.00,16.5,2.4200,16.5800,41.3000,24.0872,1.0048,7.0436,1.6990,10.0000,6.1509,
19.00,17.0,2.4933,16.5067,42.1000,23.5249,0.9710,6.7625,1.4732,10.0000,5.9258,
19.00,17.5,2.5667,16.4333,42.9000,22.9837,0.9390,6.4918,1.2603,10.0000,5.7102,
19.00,18.0,2.6400,16.3600,43.7000,22.4622,0.9089,6.2311,1.0593,10.0000,5.5035,
19.00,18.5,2.7133,16.2867,44.5000,21.9596,0.8804,5.9798,0.8691,10.0000,5.3051,
19.00,19.0,2.7867,16.2133,45.3000,21.4746,0.8533,5.7373,0.6889,10.0000,5.1146,
19.00,19.5,2.8600,16.1400,46.1000,21.0065,0.8277,5.5033,0.5179,10.0000,4.9314,
19.00,20.0,2.9333,16.0667,46.9000,20.5544,0.8033,5.2772,0.3556,10.0000,4.7552,
19.50,0.5,0.0733,19.4267,8.0000,145.7000,38.8533,10.0000,10.0000,10.0000,10.0000,SCORE_SATURATED_AT_10
19.50,1.0,0.1467,19.3533,9.5000,122.2316,19.3533,10.0000,10.0000,10.0000,10.0000,SCORE_SATURATED_AT_10
19.50,1.5,0.2200,19.2800,11.0000,105.1636,12.8533,10.0000,10.0000,10.0000,10.0000,SCORE_SATURATED_AT_10
19.50,2.0,0.2933,19.2067,12.5000,92.1920,9.6033,10.0000,10.0000,10.0000,10.0000,SCORE_SATURATED_AT_10
19.50,2.5,0.3667,19.1333,13.8000,83.1884,7.6533,10.0000,10.0000,10.0000,10.0000,SCORE_SATURATED_AT_10
19.50,3.0,0.4400,19.0600,15.1000,75.7351,6.3533,10.0000,10.0000,10.0000,10.0000,SCORE_SATURATED_AT_10
19.50,3.5,0.5133,18.9867,16.4000,69.4634,5.4248,10.0000,10.0000,10.0000,10.0000,SCORE_SATURATED_AT_10
19.50,4.0,0.5867,18.9133,17.7000,64.1130,4.7283,10.0000,10.0000,10.0000,10.0000,SCORE_SATURATED_AT_10
19.50,4.5,0.6600,18.8400,19.0000,59.4947,4.1867,10.0000,10.0000,10.0000,10.0000,SCORE_SATURATED_AT_10
19.50,5.0,0.7333,18.7667,20.3000,55.4680,3.7533,10.0000,10.0000,10.0000,10.0000,SCORE_SATURATED_AT_10
19.50,5.5,0.8067,18.6933,21.4000,52.4112,3.3988,10.0000,10.0000,10.0000,10.0000,SCORE_SATURATED_AT_10
19.50,6.0,0.8800,18.6200,22.5000,49.6533,3.1033,10.0000,10.0000,10.0000,10.0000,SCORE_SATURATED_AT_10
19.50,6.5,0.9533,18.5467,23.6000,47.1525,2.8533,10.0000,10.0000,10.0000,10.0000,SCORE_SATURATED_AT_10
19.50,7.0,1.0267,18.4733,24.7000,44.8745,2.6390,10.0000,10.0000,10.0000,10.0000,SCORE_SATURATED_AT_10
19.50,7.5,1.1000,18.4000,25.8000,42.7907,2.4533,10.0000,10.0000,10.0000,10.0000,SCORE_SATURATED_AT_10
19.50,8.0,1.1733,18.3267,26.9000,40.8773,2.2908,10.0000,10.0000,10.0000,10.0000,SCORE_SATURATED_AT_10
19.50,8.5,1.2467,18.2533,27.8000,39.3957,2.1475,10.0000,9.3163,10.0000,9.8291,
19.50,9.0,1.3200,18.1800,28.7000,38.0070,2.0200,10.0000,8.4667,10.0000,9.6167,
19.50,9.5,1.3933,18.1067,29.6000,36.7027,1.9060,10.0000,7.7064,10.0000,9.4266,
19.50,10.0,1.4667,18.0333,30.5000,35.4754,1.8033,10.0000,7.0222,10.0000,9.2556,
19.50,10.5,1.5400,17.9600,31.4000,34.3185,1.7105,10.0000,6.4032,10.0000,9.1008,
19.50,11.0,1.6133,17.8867,32.3000,33.2260,1.6261,10.0000,5.8404,10.0000,8.9601,
19.50,11.5,1.6867,17.8133,33.2000,32.1928,1.5490,10.0000,5.3266,10.0000,8.8316,
19.50,12.0,1.7600,17.7400,34.1000,31.2141,1.4783,10.0000,4.8556,10.0000,8.7139,
19.50,12.5,1.8333,17.6667,34.9000,30.3725,1.4133,10.0000,4.4222,10.0000,8.6056,
19.50,13.0,1.9067,17.5933,35.7000,29.5686,1.3533,9.7843,4.0222,10.0000,8.3761,
19.50,13.5,1.9800,17.5200,36.5000,28.8000,1.2978,9.4000,3.6519,10.0000,8.0530,
19.50,14.0,2.0533,17.4467,37.3000,28.0643,1.2462,9.0322,3.3079,10.0000,7.7463,
19.50,14.5,2.1267,17.3733,38.1000,27.3596,1.1982,8.6798,2.9877,10.0000,7.4548,
19.50,15.0,2.2000,17.3000,38.9000,26.6838,1.1533,8.3419,2.6889,10.0000,7.1774,
19.50,15.5,2.2733,17.2267,39.7000,26.0353,1.1114,8.0176,2.4093,10.0000,6.9129,
19.50,16.0,2.3467,17.1533,40.5000,25.4123,1.0721,7.7062,2.1472,10.0000,6.6605,
19.50,16.5,2.4200,17.0800,41.3000,24.8136,1.0352,7.4068,1.9010,10.0000,6.4193,
19.50,17.0,2.4933,17.0067,42.1000,24.2375,1.0004,7.1188,1.6693,10.0000,6.1886,
19.50,17.5,2.5667,16.9333,42.9000,23.6830,0.9676,6.8415,1.4508,10.0000,5.9676,
19.50,18.0,2.6400,16.8600,43.7000,23.1487,0.9367,6.5744,1.2444,10.0000,5.7557,
19.50,18.5,2.7133,16.7867,44.5000,22.6337,0.9074,6.3169,1.0492,10.0000,5.5524,
19.50,19.0,2.7867,16.7133,45.3000,22.1369,0.8796,6.0684,0.8643,10.0000,5.3571,
19.50,19.5,2.8600,16.6400,46.1000,21.6573,0.8533,5.8286,0.6889,10.0000,5.1694,
19.50,20.0,2.9333,16.5667,46.9000,21.1940,0.8283,5.5970,0.5222,10.0000,4.9888,
20.00,0.5,0.0733,19.9267,8.0000,149.4500,39.8533,10.0000,10.0000,10.0000,10.0000,SCORE_SATURATED_AT_10
20.00,1.0,0.1467,19.8533,9.5000,125.3895,19.8533,10.0000,10.0000,10.0000,10.0000,SCORE_SATURATED_AT_10
20.00,1.5,0.2200,19.7800,11.0000,107.8909,13.1867,10.0000,10.0000,10.0000,10.0000,SCORE_SATURATED_AT_10
20.00,2.0,0.2933,19.7067,12.5000,94.5920,9.8533,10.0000,10.0000,10.0000,10.0000,SCORE_SATURATED_AT_10
20.00,2.5,0.3667,19.6333,13.8000,85.3623,7.8533,10.0000,10.0000,10.0000,10.0000,SCORE_SATURATED_AT_10
20.00,3.0,0.4400,19.5600,15.1000,77.7219,6.5200,10.0000,10.0000,10.0000,10.0000,SCORE_SATURATED_AT_10
20.00,3.5,0.5133,19.4867,16.4000,71.2927,5.5676,10.0000,10.0000,10.0000,10.0000,SCORE_SATURATED_AT_10
20.00,4.0,0.5867,19.4133,17.7000,65.8079,4.8533,10.0000,10.0000,10.0000,10.0000,SCORE_SATURATED_AT_10
20.00,4.5,0.6600,19.3400,19.0000,61.0737,4.2978,10.0000,10.0000,10.0000,10.0000,SCORE_SATURATED_AT_10
20.00,5.0,0.7333,19.2667,20.3000,56.9458,3.8533,10.0000,10.0000,10.0000,10.0000,SCORE_SATURATED_AT_10
20.00,5.5,0.8067,19.1933,21.4000,53.8131,3.4897,10.0000,10.0000,10.0000,10.0000,SCORE_SATURATED_AT_10
20.00,6.0,0.8800,19.1200,22.5000,50.9867,3.1867,10.0000,10.0000,10.0000,10.0000,SCORE_SATURATED_AT_10
20.00,6.5,0.9533,19.0467,23.6000,48.4237,2.9303,10.0000,10.0000,10.0000,10.0000,SCORE_SATURATED_AT_10
20.00,7.0,1.0267,18.9733,24.7000,46.0891,2.7105,10.0000,10.0000,10.0000,10.0000,SCORE_SATURATED_AT_10
20.00,7.5,1.1000,18.9000,25.8000,43.9535,2.5200,10.0000,10.0000,10.0000,10.0000,SCORE_SATURATED_AT_10
20.00,8.0,1.1733,18.8267,26.9000,41.9926,2.3533,10.0000,10.0000,10.0000,10.0000,SCORE_SATURATED_AT_10
20.00,8.5,1.2467,18.7533,27.8000,40.4748,2.2063,10.0000,9.7085,10.0000,9.9271,
20.00,9.0,1.3200,18.6800,28.7000,39.0523,2.0756,10.0000,8.8370,10.0000,9.7093,
20.00,9.5,1.3933,18.6067,29.6000,37.7162,1.9586,10.0000,8.0573,10.0000,9.5143,
20.00,10.0,1.4667,18.5333,30.5000,36.4590,1.8533,10.0000,7.3556,10.0000,9.3389,
20.00,10.5,1.5400,18.4600,31.4000,35.2739,1.7581,10.0000,6.7206,10.0000,9.1802,
20.00,11.0,1.6133,18.3867,32.3000,34.1548,1.6715,10.0000,6.1434,10.0000,9.0359,
20.00,11.5,1.6867,18.3133,33.2000,33.0964,1.5925,10.0000,5.6164,10.0000,8.9041,
20.00,12.0,1.7600,18.2400,34.1000,32.0938,1.5200,10.0000,5.1333,10.0000,8.7833,
20.00,12.5,1.8333,18.1667,34.9000,31.2321,1.4533,10.0000,4.6889,10.0000,8.6722,
20.00,13.0,1.9067,18.0933,35.7000,30.4090,1.3918,10.0000,4.2786,10.0000,8.5697,
20.00,13.5,1.9800,18.0200,36.5000,29.6219,1.3348,9.8110,3.8988,10.0000,8.3613,
20.00,14.0,2.0533,17.9467,37.3000,28.8686,1.2819,9.4343,3.5460,10.0000,8.0471,
20.00,14.5,2.1267,17.8733,38.1000,28.1470,1.2326,9.0735,3.2176,10.0000,7.7485,
20.00,15.0,2.2000,17.8000,38.9000,27.4550,1.1867,8.7275,2.9111,10.0000,7.4643,
20.00,15.5,2.2733,17.7267,39.7000,26.7909,1.1437,8.3955,2.6244,10.0000,7.1934,
20.00,16.0,2.3467,17.6533,40.5000,26.1531,1.1033,8.0765,2.3556,10.0000,6.9348,
20.00,16.5,2.4200,17.5800,41.3000,25.5400,1.0655,7.7700,2.1030,10.0000,6.6877,
20.00,17.0,2.4933,17.5067,42.1000,24.9501,1.0298,7.4751,1.8654,10.0000,6.4514,
20.00,17.5,2.5667,17.4333,42.9000,24.3823,0.9962,7.1911,1.6413,10.0000,6.2250,
20.00,18.0,2.6400,17.3600,43.7000,23.8352,0.9644,6.9176,1.4296,10.0000,6.0080,
20.00,18.5,2.7133,17.2867,44.5000,23.3079,0.9344,6.6539,1.2294,10.0000,5.7997,
20.00,19.0,2.7867,17.2133,45.3000,22.7991,0.9060,6.3996,1.0398,10.0000,5.5997,
20.00,19.5,2.8600,17.1400,46.1000,22.3080,0.8790,6.1540,0.8598,10.0000,5.4074,
20.00,20.0,2.9333,17.0667,46.9000,21.8337,0.8533,5.9168,0.6889,10.0000,5.2223,
20.50,0.5,0.0733,20.4267,8.0000,153.2000,40.8533,10.0000,10.0000,10.0000,10.0000,SCORE_SATURATED_AT_10
20.50,1.0,0.1467,20.3533,9.5000,128.5474,20.3533,10.0000,10.0000,10.0000,10.0000,SCORE_SATURATED_AT_10
20.50,1.5,0.2200,20.2800,11.0000,110.6182,13.5200,10.0000,10.0000,10.0000,10.0000,SCORE_SATURATED_AT_10
20.50,2.0,0.2933,20.2067,12.5000,96.9920,10.1033,10.0000,10.0000,10.0000,10.0000,SCORE_SATURATED_AT_10
20.50,2.5,0.3667,20.1333,13.8000,87.5362,8.0533,10.0000,10.0000,10.0000,10.0000,SCORE_SATURATED_AT_10
20.50,3.0,0.4400,20.0600,15.1000,79.7086,6.6867,10.0000,10.0000,10.0000,10.0000,SCORE_SATURATED_AT_10
20.50,3.5,0.5133,19.9867,16.4000,73.1220,5.7105,10.0000,10.0000,10.0000,10.0000,SCORE_SATURATED_AT_10
20.50,4.0,0.5867,19.9133,17.7000,67.5028,4.9783,10.0000,10.0000,10.0000,10.0000,SCORE_SATURATED_AT_10
20.50,4.5,0.6600,19.8400,19.0000,62.6526,4.4089,10.0000,10.0000,10.0000,10.0000,SCORE_SATURATED_AT_10
20.50,5.0,0.7333,19.7667,20.3000,58.4236,3.9533,10.0000,10.0000,10.0000,10.0000,SCORE_SATURATED_AT_10
20.50,5.5,0.8067,19.6933,21.4000,55.2150,3.5806,10.0000,10.0000,10.0000,10.0000,SCORE_SATURATED_AT_10
20.50,6.0,0.8800,19.6200,22.5000,52.3200,3.2700,10.0000,10.0000,10.0000,10.0000,SCORE_SATURATED_AT_10
20.50,6.5,0.9533,19.5467,23.6000,49.6949,3.0072,10.0000,10.0000,10.0000,10.0000,SCORE_SATURATED_AT_10
20.50,7.0,1.0267,19.4733,24.7000,47.3036,2.7819,10.0000,10.0000,10.0000,10.0000,SCORE_SATURATED_AT_10
20.50,7.5,1.1000,19.4000,25.8000,45.1163,2.5867,10.0000,10.0000,10.0000,10.0000,SCORE_SATURATED_AT_10
20.50,8.0,1.1733,19.3267,26.9000,43.1078,2.4158,10.0000,10.0000,10.0000,10.0000,SCORE_SATURATED_AT_10
20.50,8.5,1.2467,19.2533,27.8000,41.5540,2.2651,10.0000,10.0000,10.0000,10.0000,SCORE_SATURATED_AT_10
20.50,9.0,1.3200,19.1800,28.7000,40.0976,2.1311,10.0000,9.2074,10.0000,9.8019,
20.50,9.5,1.3933,19.1067,29.6000,38.7297,2.0112,10.0000,8.4082,10.0000,9.6020,
20.50,10.0,1.4667,19.0333,30.5000,37.4426,1.9033,10.0000,7.6889,10.0000,9.4222,
20.50,10.5,1.5400,18.9600,31.4000,36.2293,1.8057,10.0000,7.0381,10.0000,9.2595,
20.50,11.0,1.6133,18.8867,32.3000,35.0836,1.7170,10.0000,6.4465,10.0000,9.1116,
20.50,11.5,1.6867,18.8133,33.2000,34.0000,1.6359,10.0000,5.9063,10.0000,8.9766,
20.50,12.0,1.7600,18.7400,34.1000,32.9736,1.5617,10.0000,5.4111,10.0000,8.8528,
20.50,12.5,1.8333,18.6667,34.9000,32.0917,1.4933,10.0000,4.9556,10.0000,8.7389,
20.50,13.0,1.9067,18.5933,35.7000,31.2493,1.4303,10.0000,4.5350,10.0000,8.6338,
20.50,13.5,1.9800,18.5200,36.5000,30.4438,1.3719,10.0000,4.1457,10.0000,8.5364,
20.50,14.0,2.0533,18.4467,37.3000,29.6729,1.3176,9.8365,3.7841,10.0000,8.3479,
20.50,14.5,2.1267,18.3733,38.1000,28.9344,1.2671,9.4672,3.4475,10.0000,8.0422,
20.50,15.0,2.2000,18.3000,38.9000,28.2262,1.2200,9.1131,3.1333,10.0000,7.7512,
20.50,15.5,2.2733,18.2267,39.7000,27.5466,1.1759,8.7733,2.8394,10.0000,7.4738,
20.50,16.0,2.3467,18.1533,40.5000,26.8938,1.1346,8.4469,2.5639,10.0000,7.2091,
20.50,16.5,2.4200,18.0800,41.3000,26.2663,1.0958,8.1332,2.3051,10.0000,6.9562,
20.50,17.0,2.4933,18.0067,42.1000,25.6627,1.0592,7.8314,2.0614,10.0000,6.7142,
20.50,17.5,2.5667,17.9333,42.9000,25.0816,1.0248,7.5408,1.8317,10.0000,6.4824,
20.50,18.0,2.6400,17.8600,43.7000,24.5217,0.9922,7.2609,1.6148,10.0000,6.2602,
20.50,18.5,2.7133,17.7867,44.5000,23.9820,0.9614,6.9910,1.4096,10.0000,6.0470,
20.50,19.0,2.7867,17.7133,45.3000,23.4614,0.9323,6.7307,1.2152,10.0000,5.8422,
20.50,19.5,2.8600,17.6400,46.1000,22.9588,0.9046,6.4794,1.0308,10.0000,5.6453,
20.50,20.0,2.9333,17.5667,46.9000,22.4733,0.8783,6.2367,0.8556,10.0000,5.4559,
21.00,0.5,0.0733,20.9267,8.0000,156.9500,41.8533,10.0000,10.0000,10.0000,10.0000,SCORE_SATURATED_AT_10
21.00,1.0,0.1467,20.8533,9.5000,131.7053,20.8533,10.0000,10.0000,10.0000,10.0000,SCORE_SATURATED_AT_10
21.00,1.5,0.2200,20.7800,11.0000,113.3455,13.8533,10.0000,10.0000,10.0000,10.0000,SCORE_SATURATED_AT_10
21.00,2.0,0.2933,20.7067,12.5000,99.3920,10.3533,10.0000,10.0000,10.0000,10.0000,SCORE_SATURATED_AT_10
21.00,2.5,0.3667,20.6333,13.8000,89.7101,8.2533,10.0000,10.0000,10.0000,10.0000,SCORE_SATURATED_AT_10
21.00,3.0,0.4400,20.5600,15.1000,81.6954,6.8533,10.0000,10.0000,10.0000,10.0000,SCORE_SATURATED_AT_10
21.00,3.5,0.5133,20.4867,16.4000,74.9512,5.8533,10.0000,10.0000,10.0000,10.0000,SCORE_SATURATED_AT_10
21.00,4.0,0.5867,20.4133,17.7000,69.1977,5.1033,10.0000,10.0000,10.0000,10.0000,SCORE_SATURATED_AT_10
21.00,4.5,0.6600,20.3400,19.0000,64.2316,4.5200,10.0000,10.0000,10.0000,10.0000,SCORE_SATURATED_AT_10
21.00,5.0,0.7333,20.2667,20.3000,59.9015,4.0533,10.0000,10.0000,10.0000,10.0000,SCORE_SATURATED_AT_10
21.00,5.5,0.8067,20.1933,21.4000,56.6168,3.6715,10.0000,10.0000,10.0000,10.0000,SCORE_SATURATED_AT_10
21.00,6.0,0.8800,20.1200,22.5000,53.6533,3.3533,10.0000,10.0000,10.0000,10.0000,SCORE_SATURATED_AT_10
21.00,6.5,0.9533,20.0467,23.6000,50.9661,3.0841,10.0000,10.0000,10.0000,10.0000,SCORE_SATURATED_AT_10
21.00,7.0,1.0267,19.9733,24.7000,48.5182,2.8533,10.0000,10.0000,10.0000,10.0000,SCORE_SATURATED_AT_10
21.00,7.5,1.1000,19.9000,25.8000,46.2791,2.6533,10.0000,10.0000,10.0000,10.0000,SCORE_SATURATED_AT_10
21.00,8.0,1.1733,19.8267,26.9000,44.2230,2.4783,10.0000,10.0000,10.0000,10.0000,SCORE_SATURATED_AT_10
21.00,8.5,1.2467,19.7533,27.8000,42.6331,2.3239,10.0000,10.0000,10.0000,10.0000,SCORE_SATURATED_AT_10
21.00,9.0,1.3200,19.6800,28.7000,41.1429,2.1867,10.0000,9.5778,10.0000,9.8944,
21.00,9.5,1.3933,19.6067,29.6000,39.7432,2.0639,10.0000,8.7591,10.0000,9.6898,
21.00,10.0,1.4667,19.5333,30.5000,38.4262,1.9533,10.0000,8.0222,10.0000,9.5056,
21.00,10.5,1.5400,19.4600,31.4000,37.1847,1.8533,10.0000,7.3556,10.0000,9.3389,
21.00,11.0,1.6133,19.3867,32.3000,36.0124,1.7624,10.0000,6.7495,10.0000,9.1874,
21.00,11.5,1.6867,19.3133,33.2000,34.9036,1.6794,10.0000,6.1961,10.0000,9.0490,
21.00,12.0,1.7600,19.2400,34.1000,33.8534,1.6033,10.0000,5.6889,10.0000,8.9222,
21.00,12.5,1.8333,19.1667,34.9000,32.9513,1.5333,10.0000,5.2222,10.0000,8.8056,
21.00,13.0,1.9067,19.0933,35.7000,32.0896,1.4687,10.0000,4.7915,10.0000,8.6979,
21.00,13.5,1.9800,19.0200,36.5000,31.2658,1.4089,10.0000,4.3926,10.0000,8.5981,
21.00,14.0,2.0533,18.9467,37.3000,30.4772,1.3533,10.0000,4.0222,10.0000,8.5056,
21.00,14.5,2.1267,18.8733,38.1000,29.7218,1.3016,9.8609,3.6774,10.0000,8.3359,
21.00,15.0,2.2000,18.8000,38.9000,28.9974,1.2533,9.4987,3.3556,10.0000,8.0381,LONG_DISTANCE_HIGH_SCORE
21.00,15.5,2.2733,18.7267,39.7000,28.3023,1.2082,9.1511,3.0545,10.0000,7.7543,
21.00,16.0,2.3467,18.6533,40.5000,27.6346,1.1658,8.8173,2.7722,10.0000,7.4834,
21.00,16.5,2.4200,18.5800,41.3000,26.9927,1.1261,8.4964,2.5071,10.0000,7.2246,
21.00,17.0,2.4933,18.5067,42.1000,26.3753,1.0886,8.1876,2.2575,10.0000,6.9770,
21.00,17.5,2.5667,18.4333,42.9000,25.7809,1.0533,7.8904,2.0222,10.0000,6.7398,
21.00,18.0,2.6400,18.3600,43.7000,25.2082,1.0200,7.6041,1.8000,10.0000,6.5125,
21.00,18.5,2.7133,18.2867,44.5000,24.6562,0.9885,7.3281,1.5898,10.0000,6.2943,
21.00,19.0,2.7867,18.2133,45.3000,24.1236,0.9586,7.0618,1.3906,10.0000,6.0847,
21.00,19.5,2.8600,18.1400,46.1000,23.6095,0.9303,6.8048,1.2017,10.0000,5.8833,
21.00,20.0,2.9333,18.0667,46.9000,23.1130,0.9033,6.5565,1.0222,10.0000,5.6895,
21.50,0.5,0.0733,21.4267,8.0000,160.7000,42.8533,10.0000,10.0000,10.0000,10.0000,SCORE_SATURATED_AT_10
21.50,1.0,0.1467,21.3533,9.5000,134.8632,21.3533,10.0000,10.0000,10.0000,10.0000,SCORE_SATURATED_AT_10
21.50,1.5,0.2200,21.2800,11.0000,116.0727,14.1867,10.0000,10.0000,10.0000,10.0000,SCORE_SATURATED_AT_10
21.50,2.0,0.2933,21.2067,12.5000,101.7920,10.6033,10.0000,10.0000,10.0000,10.0000,SCORE_SATURATED_AT_10
21.50,2.5,0.3667,21.1333,13.8000,91.8841,8.4533,10.0000,10.0000,10.0000,10.0000,SCORE_SATURATED_AT_10
21.50,3.0,0.4400,21.0600,15.1000,83.6821,7.0200,10.0000,10.0000,10.0000,10.0000,SCORE_SATURATED_AT_10
21.50,3.5,0.5133,20.9867,16.4000,76.7805,5.9962,10.0000,10.0000,10.0000,10.0000,SCORE_SATURATED_AT_10
21.50,4.0,0.5867,20.9133,17.7000,70.8927,5.2283,10.0000,10.0000,10.0000,10.0000,SCORE_SATURATED_AT_10
21.50,4.5,0.6600,20.8400,19.0000,65.8105,4.6311,10.0000,10.0000,10.0000,10.0000,SCORE_SATURATED_AT_10
21.50,5.0,0.7333,20.7667,20.3000,61.3793,4.1533,10.0000,10.0000,10.0000,10.0000,SCORE_SATURATED_AT_10
21.50,5.5,0.8067,20.6933,21.4000,58.0187,3.7624,10.0000,10.0000,10.0000,10.0000,SCORE_SATURATED_AT_10
21.50,6.0,0.8800,20.6200,22.5000,54.9867,3.4367,10.0000,10.0000,10.0000,10.0000,SCORE_SATURATED_AT_10
21.50,6.5,0.9533,20.5467,23.6000,52.2373,3.1610,10.0000,10.0000,10.0000,10.0000,SCORE_SATURATED_AT_10
21.50,7.0,1.0267,20.4733,24.7000,49.7328,2.9248,10.0000,10.0000,10.0000,10.0000,SCORE_SATURATED_AT_10
21.50,7.5,1.1000,20.4000,25.8000,47.4419,2.7200,10.0000,10.0000,10.0000,10.0000,SCORE_SATURATED_AT_10
21.50,8.0,1.1733,20.3267,26.9000,45.3383,2.5408,10.0000,10.0000,10.0000,10.0000,SCORE_SATURATED_AT_10
21.50,8.5,1.2467,20.2533,27.8000,43.7122,2.3827,10.0000,10.0000,10.0000,10.0000,SCORE_SATURATED_AT_10
21.50,9.0,1.3200,20.1800,28.7000,42.1882,2.2422,10.0000,9.9481,10.0000,9.9870,SCORE_SATURATED_AT_10
21.50,9.5,1.3933,20.1067,29.6000,40.7568,2.1165,10.0000,9.1099,10.0000,9.7775,
21.50,10.0,1.4667,20.0333,30.5000,39.4098,2.0033,10.0000,8.3556,10.0000,9.5889,
21.50,10.5,1.5400,19.9600,31.4000,38.1401,1.9010,10.0000,7.6730,10.0000,9.4183,
21.50,11.0,1.6133,19.8867,32.3000,36.9412,1.8079,10.0000,7.0525,10.0000,9.2631,
21.50,11.5,1.6867,19.8133,33.2000,35.8072,1.7229,10.0000,6.4860,10.0000,9.1215,
21.50,12.0,1.7600,19.7400,34.1000,34.7331,1.6450,10.0000,5.9667,10.0000,8.9917,
21.50,12.5,1.8333,19.6667,34.9000,33.8109,1.5733,10.0000,5.4889,10.0000,8.8722,
21.50,13.0,1.9067,19.5933,35.7000,32.9300,1.5072,10.0000,5.0479,10.0000,8.7620,
21.50,13.5,1.9800,19.5200,36.5000,32.0877,1.4459,10.0000,4.6395,10.0000,8.6599,
21.50,14.0,2.0533,19.4467,37.3000,31.2815,1.3890,10.0000,4.2603,10.0000,8.5651,
21.50,14.5,2.1267,19.3733,38.1000,30.5092,1.3361,10.0000,3.9073,10.0000,8.4768,
21.50,15.0,2.2000,19.3000,38.9000,29.7686,1.2867,9.8843,3.5778,10.0000,8.3250,LONG_DISTANCE_HIGH_SCORE
21.50,15.5,2.2733,19.2267,39.7000,29.0579,1.2404,9.5290,3.2695,10.0000,8.0348,LONG_DISTANCE_HIGH_SCORE
21.50,16.0,2.3467,19.1533,40.5000,28.3753,1.1971,9.1877,2.9806,10.0000,7.7577,
21.50,16.5,2.4200,19.0800,41.3000,27.7191,1.1564,8.8596,2.7091,10.0000,7.4930,
21.50,17.0,2.4933,19.0067,42.1000,27.0879,1.1180,8.5439,2.4536,10.0000,7.2398,
21.50,17.5,2.5667,18.9333,42.9000,26.4802,1.0819,8.2401,2.2127,10.0000,6.9972,
21.50,18.0,2.6400,18.8600,43.7000,25.8947,1.0478,7.9474,1.9852,10.0000,6.7647,
21.50,18.5,2.7133,18.7867,44.5000,25.3303,1.0155,7.6652,1.7700,10.0000,6.5416,
21.50,19.0,2.7867,18.7133,45.3000,24.7859,0.9849,7.3929,1.5661,10.0000,6.3273,
21.50,19.5,2.8600,18.6400,46.1000,24.2603,0.9559,7.1302,1.3726,10.0000,6.1213,
21.50,20.0,2.9333,18.5667,46.9000,23.7527,0.9283,6.8763,1.1889,10.0000,5.9230,
22.00,0.5,0.0733,21.9267,8.0000,164.4500,43.8533,10.0000,10.0000,10.0000,10.0000,SCORE_SATURATED_AT_10
22.00,1.0,0.1467,21.8533,9.5000,138.0211,21.8533,10.0000,10.0000,10.0000,10.0000,SCORE_SATURATED_AT_10
22.00,1.5,0.2200,21.7800,11.0000,118.8000,14.5200,10.0000,10.0000,10.0000,10.0000,SCORE_SATURATED_AT_10
22.00,2.0,0.2933,21.7067,12.5000,104.1920,10.8533,10.0000,10.0000,10.0000,10.0000,SCORE_SATURATED_AT_10
22.00,2.5,0.3667,21.6333,13.8000,94.0580,8.6533,10.0000,10.0000,10.0000,10.0000,SCORE_SATURATED_AT_10
22.00,3.0,0.4400,21.5600,15.1000,85.6689,7.1867,10.0000,10.0000,10.0000,10.0000,SCORE_SATURATED_AT_10
22.00,3.5,0.5133,21.4867,16.4000,78.6098,6.1390,10.0000,10.0000,10.0000,10.0000,SCORE_SATURATED_AT_10
22.00,4.0,0.5867,21.4133,17.7000,72.5876,5.3533,10.0000,10.0000,10.0000,10.0000,SCORE_SATURATED_AT_10
22.00,4.5,0.6600,21.3400,19.0000,67.3895,4.7422,10.0000,10.0000,10.0000,10.0000,SCORE_SATURATED_AT_10
22.00,5.0,0.7333,21.2667,20.3000,62.8571,4.2533,10.0000,10.0000,10.0000,10.0000,SCORE_SATURATED_AT_10
22.00,5.5,0.8067,21.1933,21.4000,59.4206,3.8533,10.0000,10.0000,10.0000,10.0000,SCORE_SATURATED_AT_10
22.00,6.0,0.8800,21.1200,22.5000,56.3200,3.5200,10.0000,10.0000,10.0000,10.0000,SCORE_SATURATED_AT_10
22.00,6.5,0.9533,21.0467,23.6000,53.5085,3.2379,10.0000,10.0000,10.0000,10.0000,SCORE_SATURATED_AT_10
22.00,7.0,1.0267,20.9733,24.7000,50.9474,2.9962,10.0000,10.0000,10.0000,10.0000,SCORE_SATURATED_AT_10
22.00,7.5,1.1000,20.9000,25.8000,48.6047,2.7867,10.0000,10.0000,10.0000,10.0000,SCORE_SATURATED_AT_10
22.00,8.0,1.1733,20.8267,26.9000,46.4535,2.6033,10.0000,10.0000,10.0000,10.0000,SCORE_SATURATED_AT_10
22.00,8.5,1.2467,20.7533,27.8000,44.7914,2.4416,10.0000,10.0000,10.0000,10.0000,SCORE_SATURATED_AT_10
22.00,9.0,1.3200,20.6800,28.7000,43.2334,2.2978,10.0000,10.0000,10.0000,10.0000,SCORE_SATURATED_AT_10
22.00,9.5,1.3933,20.6067,29.6000,41.7703,2.1691,10.0000,9.4608,10.0000,9.8652,
22.00,10.0,1.4667,20.5333,30.5000,40.3934,2.0533,10.0000,8.6889,10.0000,9.6722,
22.00,10.5,1.5400,20.4600,31.4000,39.0955,1.9486,10.0000,7.9905,10.0000,9.4976,
22.00,11.0,1.6133,20.3867,32.3000,37.8700,1.8533,10.0000,7.3556,10.0000,9.3389,
22.00,11.5,1.6867,20.3133,33.2000,36.7108,1.7664,10.0000,6.7758,10.0000,9.1940,
22.00,12.0,1.7600,20.2400,34.1000,35.6129,1.6867,10.0000,6.2444,10.0000,9.0611,
22.00,12.5,1.8333,20.1667,34.9000,34.6705,1.6133,10.0000,5.7556,10.0000,8.9389,
22.00,13.0,1.9067,20.0933,35.7000,33.7703,1.5456,10.0000,5.3043,10.0000,8.8261,
22.00,13.5,1.9800,20.0200,36.5000,32.9096,1.4830,10.0000,4.8864,10.0000,8.7216,
22.00,14.0,2.0533,19.9467,37.3000,32.0858,1.4248,10.0000,4.4984,10.0000,8.6246,
22.00,14.5,2.1267,19.8733,38.1000,31.2966,1.3706,10.0000,4.1372,10.0000,8.5343,
22.00,15.0,2.2000,19.8000,38.9000,30.5398,1.3200,10.0000,3.8000,10.0000,8.4500,LONG_DISTANCE_HIGH_SCORE
22.00,15.5,2.2733,19.7267,39.7000,29.8136,1.2727,9.9068,3.4846,10.0000,8.3152,LONG_DISTANCE_HIGH_SCORE
22.00,16.0,2.3467,19.6533,40.5000,29.1160,1.2283,9.5580,3.1889,10.0000,8.0320,LONG_DISTANCE_HIGH_SCORE
22.00,16.5,2.4200,19.5800,41.3000,28.4455,1.1867,9.2228,2.9111,10.0000,7.7614,
22.00,17.0,2.4933,19.5067,42.1000,27.8005,1.1475,8.9002,2.6497,10.0000,7.5026,
22.00,17.5,2.5667,19.4333,42.9000,27.1795,1.1105,8.5897,2.4032,10.0000,7.2546,
22.00,18.0,2.6400,19.3600,43.7000,26.5812,1.0756,8.2906,2.1704,10.0000,7.0170,
22.00,18.5,2.7133,19.2867,44.5000,26.0045,1.0425,8.0022,1.9502,10.0000,6.7889,
22.00,19.0,2.7867,19.2133,45.3000,25.4481,1.0112,7.7241,1.7415,10.0000,6.5698,
22.00,19.5,2.8600,19.1400,46.1000,24.9111,0.9815,7.4555,1.5436,10.0000,6.3592,
22.00,20.0,2.9333,19.0667,46.9000,24.3923,0.9533,7.1962,1.3556,10.0000,6.1566,
22.50,0.5,0.0733,22.4267,8.0000,168.2000,44.8533,10.0000,10.0000,10.0000,10.0000,SCORE_SATURATED_AT_10
22.50,1.0,0.1467,22.3533,9.5000,141.1789,22.3533,10.0000,10.0000,10.0000,10.0000,SCORE_SATURATED_AT_10
22.50,1.5,0.2200,22.2800,11.0000,121.5273,14.8533,10.0000,10.0000,10.0000,10.0000,SCORE_SATURATED_AT_10
22.50,2.0,0.2933,22.2067,12.5000,106.5920,11.1033,10.0000,10.0000,10.0000,10.0000,SCORE_SATURATED_AT_10
22.50,2.5,0.3667,22.1333,13.8000,96.2319,8.8533,10.0000,10.0000,10.0000,10.0000,SCORE_SATURATED_AT_10
22.50,3.0,0.4400,22.0600,15.1000,87.6556,7.3533,10.0000,10.0000,10.0000,10.0000,SCORE_SATURATED_AT_10
22.50,3.5,0.5133,21.9867,16.4000,80.4390,6.2819,10.0000,10.0000,10.0000,10.0000,SCORE_SATURATED_AT_10
22.50,4.0,0.5867,21.9133,17.7000,74.2825,5.4783,10.0000,10.0000,10.0000,10.0000,SCORE_SATURATED_AT_10
22.50,4.5,0.6600,21.8400,19.0000,68.9684,4.8533,10.0000,10.0000,10.0000,10.0000,SCORE_SATURATED_AT_10
22.50,5.0,0.7333,21.7667,20.3000,64.3350,4.3533,10.0000,10.0000,10.0000,10.0000,SCORE_SATURATED_AT_10
22.50,5.5,0.8067,21.6933,21.4000,60.8224,3.9442,10.0000,10.0000,10.0000,10.0000,SCORE_SATURATED_AT_10
22.50,6.0,0.8800,21.6200,22.5000,57.6533,3.6033,10.0000,10.0000,10.0000,10.0000,SCORE_SATURATED_AT_10
22.50,6.5,0.9533,21.5467,23.6000,54.7797,3.3149,10.0000,10.0000,10.0000,10.0000,SCORE_SATURATED_AT_10
22.50,7.0,1.0267,21.4733,24.7000,52.1619,3.0676,10.0000,10.0000,10.0000,10.0000,SCORE_SATURATED_AT_10
22.50,7.5,1.1000,21.4000,25.8000,49.7674,2.8533,10.0000,10.0000,10.0000,10.0000,SCORE_SATURATED_AT_10
22.50,8.0,1.1733,21.3267,26.9000,47.5688,2.6658,10.0000,10.0000,10.0000,10.0000,SCORE_SATURATED_AT_10
22.50,8.5,1.2467,21.2533,27.8000,45.8705,2.5004,10.0000,10.0000,10.0000,10.0000,SCORE_SATURATED_AT_10
22.50,9.0,1.3200,21.1800,28.7000,44.2787,2.3533,10.0000,10.0000,10.0000,10.0000,SCORE_SATURATED_AT_10
22.50,9.5,1.3933,21.1067,29.6000,42.7838,2.2218,10.0000,9.8117,10.0000,9.9529,SCORE_SATURATED_AT_10
22.50,10.0,1.4667,21.0333,30.5000,41.3770,2.1033,10.0000,9.0222,10.0000,9.7556,
22.50,10.5,1.5400,20.9600,31.4000,40.0510,1.9962,10.0000,8.3079,10.0000,9.5770,
22.50,11.0,1.6133,20.8867,32.3000,38.7988,1.8988,10.0000,7.6586,10.0000,9.4146,
22.50,11.5,1.6867,20.8133,33.2000,37.6145,1.8099,10.0000,7.0657,10.0000,9.2664,
22.50,12.0,1.7600,20.7400,34.1000,36.4927,1.7283,10.0000,6.5222,10.0000,9.1306,
22.50,12.5,1.8333,20.6667,34.9000,35.5301,1.6533,10.0000,6.0222,10.0000,9.0056,
22.50,13.0,1.9067,20.5933,35.7000,34.6106,1.5841,10.0000,5.5607,10.0000,8.8902,
22.50,13.5,1.9800,20.5200,36.5000,33.7315,1.5200,10.0000,5.1333,10.0000,8.7833,
22.50,14.0,2.0533,20.4467,37.3000,32.8901,1.4605,10.0000,4.7365,10.0000,8.6841,
22.50,14.5,2.1267,20.3733,38.1000,32.0840,1.4051,10.0000,4.3670,10.0000,8.5918,
22.50,15.0,2.2000,20.3000,38.9000,31.3111,1.3533,10.0000,4.0222,10.0000,8.5056,LONG_DISTANCE_HIGH_SCORE
22.50,15.5,2.2733,20.2267,39.7000,30.5693,1.3049,10.0000,3.6996,10.0000,8.4249,LONG_DISTANCE_HIGH_SCORE
22.50,16.0,2.3467,20.1533,40.5000,29.8568,1.2596,9.9284,3.3972,10.0000,8.3063,LONG_DISTANCE_HIGH_SCORE
22.50,16.5,2.4200,20.0800,41.3000,29.1719,1.2170,9.5860,3.1131,10.0000,8.0299,LONG_DISTANCE_HIGH_SCORE
22.50,17.0,2.4933,20.0067,42.1000,28.5131,1.1769,9.2565,2.8458,10.0000,7.7654,
22.50,17.5,2.5667,19.9333,42.9000,27.8788,1.1390,8.9394,2.5937,10.0000,7.5120,
22.50,18.0,2.6400,19.8600,43.7000,27.2677,1.1033,8.6339,2.3556,10.0000,7.2692,
22.50,18.5,2.7133,19.7867,44.5000,26.6787,1.0695,8.3393,2.1303,10.0000,7.0362,
22.50,19.0,2.7867,19.7133,45.3000,26.1104,1.0375,8.0552,1.9170,10.0000,6.8124,
22.50,19.5,2.8600,19.6400,46.1000,25.5618,1.0072,7.7809,1.7145,10.0000,6.5972,
22.50,20.0,2.9333,19.5667,46.9000,25.0320,0.9783,7.5160,1.5222,10.0000,6.3902,
23.00,0.5,0.0733,22.9267,8.0000,171.9500,45.8533,10.0000,10.0000,10.0000,10.0000,SCORE_SATURATED_AT_10
23.00,1.0,0.1467,22.8533,9.5000,144.3368,22.8533,10.0000,10.0000,10.0000,10.0000,SCORE_SATURATED_AT_10
23.00,1.5,0.2200,22.7800,11.0000,124.2545,15.1867,10.0000,10.0000,10.0000,10.0000,SCORE_SATURATED_AT_10
23.00,2.0,0.2933,22.7067,12.5000,108.9920,11.3533,10.0000,10.0000,10.0000,10.0000,SCORE_SATURATED_AT_10
23.00,2.5,0.3667,22.6333,13.8000,98.4058,9.0533,10.0000,10.0000,10.0000,10.0000,SCORE_SATURATED_AT_10
23.00,3.0,0.4400,22.5600,15.1000,89.6424,7.5200,10.0000,10.0000,10.0000,10.0000,SCORE_SATURATED_AT_10
23.00,3.5,0.5133,22.4867,16.4000,82.2683,6.4248,10.0000,10.0000,10.0000,10.0000,SCORE_SATURATED_AT_10
23.00,4.0,0.5867,22.4133,17.7000,75.9774,5.6033,10.0000,10.0000,10.0000,10.0000,SCORE_SATURATED_AT_10
23.00,4.5,0.6600,22.3400,19.0000,70.5474,4.9644,10.0000,10.0000,10.0000,10.0000,SCORE_SATURATED_AT_10
23.00,5.0,0.7333,22.2667,20.3000,65.8128,4.4533,10.0000,10.0000,10.0000,10.0000,SCORE_SATURATED_AT_10
23.00,5.5,0.8067,22.1933,21.4000,62.2243,4.0352,10.0000,10.0000,10.0000,10.0000,SCORE_SATURATED_AT_10
23.00,6.0,0.8800,22.1200,22.5000,58.9867,3.6867,10.0000,10.0000,10.0000,10.0000,SCORE_SATURATED_AT_10
23.00,6.5,0.9533,22.0467,23.6000,56.0508,3.3918,10.0000,10.0000,10.0000,10.0000,SCORE_SATURATED_AT_10
23.00,7.0,1.0267,21.9733,24.7000,53.3765,3.1390,10.0000,10.0000,10.0000,10.0000,SCORE_SATURATED_AT_10
23.00,7.5,1.1000,21.9000,25.8000,50.9302,2.9200,10.0000,10.0000,10.0000,10.0000,SCORE_SATURATED_AT_10
23.00,8.0,1.1733,21.8267,26.9000,48.6840,2.7283,10.0000,10.0000,10.0000,10.0000,SCORE_SATURATED_AT_10
23.00,8.5,1.2467,21.7533,27.8000,46.9496,2.5592,10.0000,10.0000,10.0000,10.0000,SCORE_SATURATED_AT_10
23.00,9.0,1.3200,21.6800,28.7000,45.3240,2.4089,10.0000,10.0000,10.0000,10.0000,SCORE_SATURATED_AT_10
23.00,9.5,1.3933,21.6067,29.6000,43.7973,2.2744,10.0000,10.0000,10.0000,10.0000,SCORE_SATURATED_AT_10
23.00,10.0,1.4667,21.5333,30.5000,42.3607,2.1533,10.0000,9.3556,10.0000,9.8389,
23.00,10.5,1.5400,21.4600,31.4000,41.0064,2.0438,10.0000,8.6254,10.0000,9.6563,
23.00,11.0,1.6133,21.3867,32.3000,39.7276,1.9442,10.0000,7.9616,10.0000,9.4904,
23.00,11.5,1.6867,21.3133,33.2000,38.5181,1.8533,10.0000,7.3556,10.0000,9.3389,
23.00,12.0,1.7600,21.2400,34.1000,37.3724,1.7700,10.0000,6.8000,10.0000,9.2000,
23.00,12.5,1.8333,21.1667,34.9000,36.3897,1.6933,10.0000,6.2889,10.0000,9.0722,
23.00,13.0,1.9067,21.0933,35.7000,35.4510,1.6226,10.0000,5.8171,10.0000,8.9543,
23.00,13.5,1.9800,21.0200,36.5000,34.5534,1.5570,10.0000,5.3802,10.0000,8.8451,
23.00,14.0,2.0533,20.9467,37.3000,33.6944,1.4962,10.0000,4.9746,10.0000,8.7437,
23.00,14.5,2.1267,20.8733,38.1000,32.8714,1.4395,10.0000,4.5969,10.0000,8.6492,
23.00,15.0,2.2000,20.8000,38.9000,32.0823,1.3867,10.0000,4.2444,10.0000,8.5611,LONG_DISTANCE_HIGH_SCORE
23.00,15.5,2.2733,20.7267,39.7000,31.3249,1.3372,10.0000,3.9147,10.0000,8.4787,LONG_DISTANCE_HIGH_SCORE
23.00,16.0,2.3467,20.6533,40.5000,30.5975,1.2908,10.0000,3.6056,10.0000,8.4014,LONG_DISTANCE_HIGH_SCORE
23.00,16.5,2.4200,20.5800,41.3000,29.8983,1.2473,9.9492,3.3152,10.0000,8.2983,LONG_DISTANCE_HIGH_SCORE
23.00,17.0,2.4933,20.5067,42.1000,29.2257,1.2063,9.6128,3.0418,10.0000,8.0282,LONG_DISTANCE_HIGH_SCORE
23.00,17.5,2.5667,20.4333,42.9000,28.5781,1.1676,9.2890,2.7841,10.0000,7.7695,
23.00,18.0,2.6400,20.3600,43.7000,27.9542,1.1311,8.9771,2.5407,10.0000,7.5215,
23.00,18.5,2.7133,20.2867,44.5000,27.3528,1.0966,8.6764,2.3105,10.0000,7.2835,
23.00,19.0,2.7867,20.2133,45.3000,26.7726,1.0639,8.3863,2.0924,10.0000,7.0549,
23.00,19.5,2.8600,20.1400,46.1000,26.2126,1.0328,8.1063,1.8855,10.0000,6.8351,
23.00,20.0,2.9333,20.0667,46.9000,25.6716,1.0033,7.8358,1.6889,10.0000,6.6237,
23.50,0.5,0.0733,23.4267,8.0000,175.7000,46.8533,10.0000,10.0000,10.0000,10.0000,SCORE_SATURATED_AT_10
23.50,1.0,0.1467,23.3533,9.5000,147.4947,23.3533,10.0000,10.0000,10.0000,10.0000,SCORE_SATURATED_AT_10
23.50,1.5,0.2200,23.2800,11.0000,126.9818,15.5200,10.0000,10.0000,10.0000,10.0000,SCORE_SATURATED_AT_10
23.50,2.0,0.2933,23.2067,12.5000,111.3920,11.6033,10.0000,10.0000,10.0000,10.0000,SCORE_SATURATED_AT_10
23.50,2.5,0.3667,23.1333,13.8000,100.5797,9.2533,10.0000,10.0000,10.0000,10.0000,SCORE_SATURATED_AT_10
23.50,3.0,0.4400,23.0600,15.1000,91.6291,7.6867,10.0000,10.0000,10.0000,10.0000,SCORE_SATURATED_AT_10
23.50,3.5,0.5133,22.9867,16.4000,84.0976,6.5676,10.0000,10.0000,10.0000,10.0000,SCORE_SATURATED_AT_10
23.50,4.0,0.5867,22.9133,17.7000,77.6723,5.7283,10.0000,10.0000,10.0000,10.0000,SCORE_SATURATED_AT_10
23.50,4.5,0.6600,22.8400,19.0000,72.1263,5.0756,10.0000,10.0000,10.0000,10.0000,SCORE_SATURATED_AT_10
23.50,5.0,0.7333,22.7667,20.3000,67.2906,4.5533,10.0000,10.0000,10.0000,10.0000,SCORE_SATURATED_AT_10
23.50,5.5,0.8067,22.6933,21.4000,63.6262,4.1261,10.0000,10.0000,10.0000,10.0000,SCORE_SATURATED_AT_10
23.50,6.0,0.8800,22.6200,22.5000,60.3200,3.7700,10.0000,10.0000,10.0000,10.0000,SCORE_SATURATED_AT_10
23.50,6.5,0.9533,22.5467,23.6000,57.3220,3.4687,10.0000,10.0000,10.0000,10.0000,SCORE_SATURATED_AT_10
23.50,7.0,1.0267,22.4733,24.7000,54.5911,3.2105,10.0000,10.0000,10.0000,10.0000,SCORE_SATURATED_AT_10
23.50,7.5,1.1000,22.4000,25.8000,52.0930,2.9867,10.0000,10.0000,10.0000,10.0000,SCORE_SATURATED_AT_10
23.50,8.0,1.1733,22.3267,26.9000,49.7993,2.7908,10.0000,10.0000,10.0000,10.0000,SCORE_SATURATED_AT_10
23.50,8.5,1.2467,22.2533,27.8000,48.0288,2.6180,10.0000,10.0000,10.0000,10.0000,SCORE_SATURATED_AT_10
23.50,9.0,1.3200,22.1800,28.7000,46.3693,2.4644,10.0000,10.0000,10.0000,10.0000,SCORE_SATURATED_AT_10
23.50,9.5,1.3933,22.1067,29.6000,44.8108,2.3270,10.0000,10.0000,10.0000,10.0000,SCORE_SATURATED_AT_10
23.50,10.0,1.4667,22.0333,30.5000,43.3443,2.2033,10.0000,9.6889,10.0000,9.9222,
23.50,10.5,1.5400,21.9600,31.4000,41.9618,2.0914,10.0000,8.9429,10.0000,9.7357,
23.50,11.0,1.6133,21.8867,32.3000,40.6563,1.9897,10.0000,8.2646,10.0000,9.5662,
23.50,11.5,1.6867,21.8133,33.2000,39.4217,1.8968,10.0000,7.6454,10.0000,9.4114,
23.50,12.0,1.7600,21.7400,34.1000,38.2522,1.8117,10.0000,7.0778,10.0000,9.2694,
23.50,12.5,1.8333,21.6667,34.9000,37.2493,1.7333,10.0000,6.5556,10.0000,9.1389,
23.50,13.0,1.9067,21.5933,35.7000,36.2913,1.6610,10.0000,6.0735,10.0000,9.0184,
23.50,13.5,1.9800,21.5200,36.5000,35.3753,1.5941,10.0000,5.6272,10.0000,8.9068,
23.50,14.0,2.0533,21.4467,37.3000,34.4987,1.5319,10.0000,5.2127,10.0000,8.8032,
23.50,14.5,2.1267,21.3733,38.1000,33.6588,1.4740,10.0000,4.8268,10.0000,8.7067,
23.50,15.0,2.2000,21.3000,38.9000,32.8535,1.4200,10.0000,4.4667,10.0000,8.6167,LONG_DISTANCE_HIGH_SCORE
23.50,15.5,2.2733,21.2267,39.7000,32.0806,1.3695,10.0000,4.1297,10.0000,8.5324,LONG_DISTANCE_HIGH_SCORE
23.50,16.0,2.3467,21.1533,40.5000,31.3383,1.3221,10.0000,3.8139,10.0000,8.4535,LONG_DISTANCE_HIGH_SCORE
23.50,16.5,2.4200,21.0800,41.3000,30.6247,1.2776,10.0000,3.5172,10.0000,8.3793,LONG_DISTANCE_HIGH_SCORE
23.50,17.0,2.4933,21.0067,42.1000,29.9382,1.2357,9.9691,3.2379,10.0000,8.2909,LONG_DISTANCE_HIGH_SCORE
23.50,17.5,2.5667,20.9333,42.9000,29.2774,1.1962,9.6387,2.9746,10.0000,8.0269,LONG_DISTANCE_HIGH_SCORE
23.50,18.0,2.6400,20.8600,43.7000,28.6407,1.1589,9.3204,2.7259,10.0000,7.7737,
23.50,18.5,2.7133,20.7867,44.5000,28.0270,1.1236,9.0135,2.4907,10.0000,7.5308,
23.50,19.0,2.7867,20.7133,45.3000,27.4349,1.0902,8.7174,2.2678,10.0000,7.2974,
23.50,19.5,2.8600,20.6400,46.1000,26.8633,1.0585,8.4317,2.0564,10.0000,7.0731,
23.50,20.0,2.9333,20.5667,46.9000,26.3113,1.0283,8.1557,1.8556,10.0000,6.8573,
24.00,0.5,0.0733,23.9267,8.0000,179.4500,47.8533,10.0000,10.0000,10.0000,10.0000,SCORE_SATURATED_AT_10
24.00,1.0,0.1467,23.8533,9.5000,150.6526,23.8533,10.0000,10.0000,10.0000,10.0000,SCORE_SATURATED_AT_10
24.00,1.5,0.2200,23.7800,11.0000,129.7091,15.8533,10.0000,10.0000,10.0000,10.0000,SCORE_SATURATED_AT_10
24.00,2.0,0.2933,23.7067,12.5000,113.7920,11.8533,10.0000,10.0000,10.0000,10.0000,SCORE_SATURATED_AT_10
24.00,2.5,0.3667,23.6333,13.8000,102.7536,9.4533,10.0000,10.0000,10.0000,10.0000,SCORE_SATURATED_AT_10
24.00,3.0,0.4400,23.5600,15.1000,93.6159,7.8533,10.0000,10.0000,10.0000,10.0000,SCORE_SATURATED_AT_10
24.00,3.5,0.5133,23.4867,16.4000,85.9268,6.7105,10.0000,10.0000,10.0000,10.0000,SCORE_SATURATED_AT_10
24.00,4.0,0.5867,23.4133,17.7000,79.3672,5.8533,10.0000,10.0000,10.0000,10.0000,SCORE_SATURATED_AT_10
24.00,4.5,0.6600,23.3400,19.0000,73.7053,5.1867,10.0000,10.0000,10.0000,10.0000,SCORE_SATURATED_AT_10
24.00,5.0,0.7333,23.2667,20.3000,68.7685,4.6533,10.0000,10.0000,10.0000,10.0000,SCORE_SATURATED_AT_10
24.00,5.5,0.8067,23.1933,21.4000,65.0280,4.2170,10.0000,10.0000,10.0000,10.0000,SCORE_SATURATED_AT_10
24.00,6.0,0.8800,23.1200,22.5000,61.6533,3.8533,10.0000,10.0000,10.0000,10.0000,SCORE_SATURATED_AT_10
24.00,6.5,0.9533,23.0467,23.6000,58.5932,3.5456,10.0000,10.0000,10.0000,10.0000,SCORE_SATURATED_AT_10
24.00,7.0,1.0267,22.9733,24.7000,55.8057,3.2819,10.0000,10.0000,10.0000,10.0000,SCORE_SATURATED_AT_10
24.00,7.5,1.1000,22.9000,25.8000,53.2558,3.0533,10.0000,10.0000,10.0000,10.0000,SCORE_SATURATED_AT_10
24.00,8.0,1.1733,22.8267,26.9000,50.9145,2.8533,10.0000,10.0000,10.0000,10.0000,SCORE_SATURATED_AT_10
24.00,8.5,1.2467,22.7533,27.8000,49.1079,2.6769,10.0000,10.0000,10.0000,10.0000,SCORE_SATURATED_AT_10
24.00,9.0,1.3200,22.6800,28.7000,47.4146,2.5200,10.0000,10.0000,10.0000,10.0000,SCORE_SATURATED_AT_10
24.00,9.5,1.3933,22.6067,29.6000,45.8243,2.3796,10.0000,10.0000,10.0000,10.0000,SCORE_SATURATED_AT_10
24.00,10.0,1.4667,22.5333,30.5000,44.3279,2.2533,10.0000,10.0000,10.0000,10.0000,SCORE_SATURATED_AT_10
24.00,10.5,1.5400,22.4600,31.4000,42.9172,2.1390,10.0000,9.2603,10.0000,9.8151,
24.00,11.0,1.6133,22.3867,32.3000,41.5851,2.0352,10.0000,8.5677,10.0000,9.6419,
24.00,11.5,1.6867,22.3133,33.2000,40.3253,1.9403,10.0000,7.9353,10.0000,9.4838,
24.00,12.0,1.7600,22.2400,34.1000,39.1320,1.8533,10.0000,7.3556,10.0000,9.3389,
24.00,12.5,1.8333,22.1667,34.9000,38.1089,1.7733,10.0000,6.8222,10.0000,9.2056,
24.00,13.0,1.9067,22.0933,35.7000,37.1317,1.6995,10.0000,6.3299,10.0000,9.0825,
24.00,13.5,1.9800,22.0200,36.5000,36.1973,1.6311,10.0000,5.8741,10.0000,8.9685,
24.00,14.0,2.0533,21.9467,37.3000,35.3029,1.5676,10.0000,5.4508,10.0000,8.8627,
24.00,14.5,2.1267,21.8733,38.1000,34.4462,1.5085,10.0000,5.0567,10.0000,8.7642,
24.00,15.0,2.2000,21.8000,38.9000,33.6247,1.4533,10.0000,4.6889,10.0000,8.6722,LONG_DISTANCE_HIGH_SCORE
24.00,15.5,2.2733,21.7267,39.7000,32.8363,1.4017,10.0000,4.3448,10.0000,8.5862,LONG_DISTANCE_HIGH_SCORE
24.00,16.0,2.3467,21.6533,40.5000,32.0790,1.3533,10.0000,4.0222,10.0000,8.5056,LONG_DISTANCE_HIGH_SCORE
24.00,16.5,2.4200,21.5800,41.3000,31.3511,1.3079,10.0000,3.7192,10.0000,8.4298,LONG_DISTANCE_HIGH_SCORE
24.00,17.0,2.4933,21.5067,42.1000,30.6508,1.2651,10.0000,3.4340,10.0000,8.3585,LONG_DISTANCE_HIGH_SCORE
24.00,17.5,2.5667,21.4333,42.9000,29.9767,1.2248,9.9883,3.1651,10.0000,8.2843,LONG_DISTANCE_HIGH_SCORE
24.00,18.0,2.6400,21.3600,43.7000,29.3272,1.1867,9.6636,2.9111,10.0000,8.0259,LONG_DISTANCE_HIGH_SCORE
24.00,18.5,2.7133,21.2867,44.5000,28.7011,1.1506,9.3506,2.6709,10.0000,7.7781,
24.00,19.0,2.7867,21.2133,45.3000,28.0971,1.1165,9.0486,2.4433,10.0000,7.5400,
24.00,19.5,2.8600,21.1400,46.1000,27.5141,1.0841,8.7570,2.2274,10.0000,7.3111,
24.00,20.0,2.9333,21.0667,46.9000,26.9510,1.0533,8.4755,2.0222,10.0000,7.0908,
24.50,0.5,0.0733,24.4267,8.0000,183.2000,48.8533,10.0000,10.0000,10.0000,10.0000,SCORE_SATURATED_AT_10
24.50,1.0,0.1467,24.3533,9.5000,153.8105,24.3533,10.0000,10.0000,10.0000,10.0000,SCORE_SATURATED_AT_10
24.50,1.5,0.2200,24.2800,11.0000,132.4364,16.1867,10.0000,10.0000,10.0000,10.0000,SCORE_SATURATED_AT_10
24.50,2.0,0.2933,24.2067,12.5000,116.1920,12.1033,10.0000,10.0000,10.0000,10.0000,SCORE_SATURATED_AT_10
24.50,2.5,0.3667,24.1333,13.8000,104.9275,9.6533,10.0000,10.0000,10.0000,10.0000,SCORE_SATURATED_AT_10
24.50,3.0,0.4400,24.0600,15.1000,95.6026,8.0200,10.0000,10.0000,10.0000,10.0000,SCORE_SATURATED_AT_10
24.50,3.5,0.5133,23.9867,16.4000,87.7561,6.8533,10.0000,10.0000,10.0000,10.0000,SCORE_SATURATED_AT_10
24.50,4.0,0.5867,23.9133,17.7000,81.0621,5.9783,10.0000,10.0000,10.0000,10.0000,SCORE_SATURATED_AT_10
24.50,4.5,0.6600,23.8400,19.0000,75.2842,5.2978,10.0000,10.0000,10.0000,10.0000,SCORE_SATURATED_AT_10
24.50,5.0,0.7333,23.7667,20.3000,70.2463,4.7533,10.0000,10.0000,10.0000,10.0000,SCORE_SATURATED_AT_10
24.50,5.5,0.8067,23.6933,21.4000,66.4299,4.3079,10.0000,10.0000,10.0000,10.0000,SCORE_SATURATED_AT_10
24.50,6.0,0.8800,23.6200,22.5000,62.9867,3.9367,10.0000,10.0000,10.0000,10.0000,SCORE_SATURATED_AT_10
24.50,6.5,0.9533,23.5467,23.6000,59.8644,3.6226,10.0000,10.0000,10.0000,10.0000,SCORE_SATURATED_AT_10
24.50,7.0,1.0267,23.4733,24.7000,57.0202,3.3533,10.0000,10.0000,10.0000,10.0000,SCORE_SATURATED_AT_10
24.50,7.5,1.1000,23.4000,25.8000,54.4186,3.1200,10.0000,10.0000,10.0000,10.0000,SCORE_SATURATED_AT_10
24.50,8.0,1.1733,23.3267,26.9000,52.0297,2.9158,10.0000,10.0000,10.0000,10.0000,SCORE_SATURATED_AT_10
24.50,8.5,1.2467,23.2533,27.8000,50.1871,2.7357,10.0000,10.0000,10.0000,10.0000,SCORE_SATURATED_AT_10
24.50,9.0,1.3200,23.1800,28.7000,48.4599,2.5756,10.0000,10.0000,10.0000,10.0000,SCORE_SATURATED_AT_10
24.50,9.5,1.3933,23.1067,29.6000,46.8378,2.4323,10.0000,10.0000,10.0000,10.0000,SCORE_SATURATED_AT_10
24.50,10.0,1.4667,23.0333,30.5000,45.3115,2.3033,10.0000,10.0000,10.0000,10.0000,SCORE_SATURATED_AT_10
24.50,10.5,1.5400,22.9600,31.4000,43.8726,2.1867,10.0000,9.5778,10.0000,9.8944,
24.50,11.0,1.6133,22.8867,32.3000,42.5139,2.0806,10.0000,8.8707,10.0000,9.7177,
24.50,11.5,1.6867,22.8133,33.2000,41.2289,1.9838,10.0000,8.2251,10.0000,9.5563,
24.50,12.0,1.7600,22.7400,34.1000,40.0117,1.8950,10.0000,7.6333,10.0000,9.4083,
24.50,12.5,1.8333,22.6667,34.9000,38.9685,1.8133,10.0000,7.0889,10.0000,9.2722,
24.50,13.0,1.9067,22.5933,35.7000,37.9720,1.7379,10.0000,6.5863,10.0000,9.1466,
24.50,13.5,1.9800,22.5200,36.5000,37.0192,1.6681,10.0000,6.1210,10.0000,9.0302,
24.50,14.0,2.0533,22.4467,37.3000,36.1072,1.6033,10.0000,5.6889,10.0000,8.9222,
24.50,14.5,2.1267,22.3733,38.1000,35.2336,1.5430,10.0000,5.2866,10.0000,8.8216,
24.50,15.0,2.2000,22.3000,38.9000,34.3959,1.4867,10.0000,4.9111,10.0000,8.7278,LONG_DISTANCE_HIGH_SCORE
24.50,15.5,2.2733,22.2267,39.7000,33.5919,1.4340,10.0000,4.5599,10.0000,8.6400,LONG_DISTANCE_HIGH_SCORE
24.50,16.0,2.3467,22.1533,40.5000,32.8198,1.3846,10.0000,4.2306,10.0000,8.5576,LONG_DISTANCE_HIGH_SCORE
24.50,16.5,2.4200,22.0800,41.3000,32.0775,1.3382,10.0000,3.9212,10.0000,8.4803,LONG_DISTANCE_HIGH_SCORE
24.50,17.0,2.4933,22.0067,42.1000,31.3634,1.2945,10.0000,3.6301,10.0000,8.4075,LONG_DISTANCE_HIGH_SCORE
24.50,17.5,2.5667,21.9333,42.9000,30.6760,1.2533,10.0000,3.3556,10.0000,8.3389,LONG_DISTANCE_HIGH_SCORE
24.50,18.0,2.6400,21.8600,43.7000,30.0137,1.2144,10.0000,3.0963,10.0000,8.2741,LONG_DISTANCE_HIGH_SCORE
24.50,18.5,2.7133,21.7867,44.5000,29.3753,1.1777,9.6876,2.8511,10.0000,8.0253,LONG_DISTANCE_HIGH_SCORE
24.50,19.0,2.7867,21.7133,45.3000,28.7594,1.1428,9.3797,2.6187,10.0000,7.7825,
24.50,19.5,2.8600,21.6400,46.1000,28.1649,1.1097,9.0824,2.3983,10.0000,7.5490,
24.50,20.0,2.9333,21.5667,46.9000,27.5906,1.0783,8.7953,2.1889,10.0000,7.3244,
25.00,0.5,0.0733,24.9267,8.0000,186.9500,49.8533,10.0000,10.0000,10.0000,10.0000,SCORE_SATURATED_AT_10
25.00,1.0,0.1467,24.8533,9.5000,156.9684,24.8533,10.0000,10.0000,10.0000,10.0000,SCORE_SATURATED_AT_10
25.00,1.5,0.2200,24.7800,11.0000,135.1636,16.5200,10.0000,10.0000,10.0000,10.0000,SCORE_SATURATED_AT_10
25.00,2.0,0.2933,24.7067,12.5000,118.5920,12.3533,10.0000,10.0000,10.0000,10.0000,SCORE_SATURATED_AT_10
25.00,2.5,0.3667,24.6333,13.8000,107.1014,9.8533,10.0000,10.0000,10.0000,10.0000,SCORE_SATURATED_AT_10
25.00,3.0,0.4400,24.5600,15.1000,97.5894,8.1867,10.0000,10.0000,10.0000,10.0000,SCORE_SATURATED_AT_10
25.00,3.5,0.5133,24.4867,16.4000,89.5854,6.9962,10.0000,10.0000,10.0000,10.0000,SCORE_SATURATED_AT_10
25.00,4.0,0.5867,24.4133,17.7000,82.7571,6.1033,10.0000,10.0000,10.0000,10.0000,SCORE_SATURATED_AT_10
25.00,4.5,0.6600,24.3400,19.0000,76.8632,5.4089,10.0000,10.0000,10.0000,10.0000,SCORE_SATURATED_AT_10
25.00,5.0,0.7333,24.2667,20.3000,71.7241,4.8533,10.0000,10.0000,10.0000,10.0000,SCORE_SATURATED_AT_10
25.00,5.5,0.8067,24.1933,21.4000,67.8318,4.3988,10.0000,10.0000,10.0000,10.0000,SCORE_SATURATED_AT_10
25.00,6.0,0.8800,24.1200,22.5000,64.3200,4.0200,10.0000,10.0000,10.0000,10.0000,SCORE_SATURATED_AT_10
25.00,6.5,0.9533,24.0467,23.6000,61.1356,3.6995,10.0000,10.0000,10.0000,10.0000,SCORE_SATURATED_AT_10
25.00,7.0,1.0267,23.9733,24.7000,58.2348,3.4248,10.0000,10.0000,10.0000,10.0000,SCORE_SATURATED_AT_10
25.00,7.5,1.1000,23.9000,25.8000,55.5814,3.1867,10.0000,10.0000,10.0000,10.0000,SCORE_SATURATED_AT_10
25.00,8.0,1.1733,23.8267,26.9000,53.1450,2.9783,10.0000,10.0000,10.0000,10.0000,SCORE_SATURATED_AT_10
25.00,8.5,1.2467,23.7533,27.8000,51.2662,2.7945,10.0000,10.0000,10.0000,10.0000,SCORE_SATURATED_AT_10
25.00,9.0,1.3200,23.6800,28.7000,49.5052,2.6311,10.0000,10.0000,10.0000,10.0000,SCORE_SATURATED_AT_10
25.00,9.5,1.3933,23.6067,29.6000,47.8514,2.4849,10.0000,10.0000,10.0000,10.0000,SCORE_SATURATED_AT_10
25.00,10.0,1.4667,23.5333,30.5000,46.2951,2.3533,10.0000,10.0000,10.0000,10.0000,SCORE_SATURATED_AT_10
25.00,10.5,1.5400,23.4600,31.4000,44.8280,2.2343,10.0000,9.8952,10.0000,9.9738,SCORE_SATURATED_AT_10
25.00,11.0,1.6133,23.3867,32.3000,43.4427,2.1261,10.0000,9.1737,10.0000,9.7934,
25.00,11.5,1.6867,23.3133,33.2000,42.1325,2.0272,10.0000,8.5150,10.0000,9.6287,
25.00,12.0,1.7600,23.2400,34.1000,40.8915,1.9367,10.0000,7.9111,10.0000,9.4778,
25.00,12.5,1.8333,23.1667,34.9000,39.8281,1.8533,10.0000,7.3556,10.0000,9.3389,
25.00,13.0,1.9067,23.0933,35.7000,38.8123,1.7764,10.0000,6.8427,10.0000,9.2107,
25.00,13.5,1.9800,23.0200,36.5000,37.8411,1.7052,10.0000,6.3679,10.0000,9.0920,
25.00,14.0,2.0533,22.9467,37.3000,36.9115,1.6390,10.0000,5.9270,10.0000,8.9817,
25.00,14.5,2.1267,22.8733,38.1000,36.0210,1.5775,10.0000,5.5165,10.0000,8.8791,
25.00,15.0,2.2000,22.8000,38.9000,35.1671,1.5200,10.0000,5.1333,10.0000,8.7833,LONG_DISTANCE_HIGH_SCORE
25.00,15.5,2.2733,22.7267,39.7000,34.3476,1.4662,10.0000,4.7749,10.0000,8.6937,LONG_DISTANCE_HIGH_SCORE
25.00,16.0,2.3467,22.6533,40.5000,33.5605,1.4158,10.0000,4.4389,10.0000,8.6097,LONG_DISTANCE_HIGH_SCORE
25.00,16.5,2.4200,22.5800,41.3000,32.8039,1.3685,10.0000,4.1232,10.0000,8.5308,LONG_DISTANCE_HIGH_SCORE
25.00,17.0,2.4933,22.5067,42.1000,32.0760,1.3239,10.0000,3.8261,10.0000,8.4565,LONG_DISTANCE_HIGH_SCORE
25.00,17.5,2.5667,22.4333,42.9000,31.3753,1.2819,10.0000,3.5460,10.0000,8.3865,LONG_DISTANCE_HIGH_SCORE
25.00,18.0,2.6400,22.3600,43.7000,30.7002,1.2422,10.0000,3.2815,10.0000,8.3204,LONG_DISTANCE_HIGH_SCORE
25.00,18.5,2.7133,22.2867,44.5000,30.0494,1.2047,10.0000,3.0312,10.0000,8.2578,LONG_DISTANCE_HIGH_SCORE
25.00,19.0,2.7867,22.2133,45.3000,29.4216,1.1691,9.7108,2.7942,10.0000,8.0250,LONG_DISTANCE_HIGH_SCORE
25.00,19.5,2.8600,22.1400,46.1000,28.8156,1.1354,9.4078,2.5692,10.0000,7.7870,
25.00,20.0,2.9333,22.0667,46.9000,28.2303,1.1033,9.1151,2.3556,10.0000,7.5580,
25.50,0.5,0.0733,25.4267,8.0000,190.7000,50.8533,10.0000,10.0000,10.0000,10.0000,SCORE_SATURATED_AT_10
25.50,1.0,0.1467,25.3533,9.5000,160.1263,25.3533,10.0000,10.0000,10.0000,10.0000,SCORE_SATURATED_AT_10
25.50,1.5,0.2200,25.2800,11.0000,137.8909,16.8533,10.0000,10.0000,10.0000,10.0000,SCORE_SATURATED_AT_10
25.50,2.0,0.2933,25.2067,12.5000,120.9920,12.6033,10.0000,10.0000,10.0000,10.0000,SCORE_SATURATED_AT_10
25.50,2.5,0.3667,25.1333,13.8000,109.2754,10.0533,10.0000,10.0000,10.0000,10.0000,SCORE_SATURATED_AT_10
25.50,3.0,0.4400,25.0600,15.1000,99.5762,8.3533,10.0000,10.0000,10.0000,10.0000,SCORE_SATURATED_AT_10
25.50,3.5,0.5133,24.9867,16.4000,91.4146,7.1390,10.0000,10.0000,10.0000,10.0000,SCORE_SATURATED_AT_10
25.50,4.0,0.5867,24.9133,17.7000,84.4520,6.2283,10.0000,10.0000,10.0000,10.0000,SCORE_SATURATED_AT_10
25.50,4.5,0.6600,24.8400,19.0000,78.4421,5.5200,10.0000,10.0000,10.0000,10.0000,SCORE_SATURATED_AT_10
25.50,5.0,0.7333,24.7667,20.3000,73.2020,4.9533,10.0000,10.0000,10.0000,10.0000,SCORE_SATURATED_AT_10
25.50,5.5,0.8067,24.6933,21.4000,69.2336,4.4897,10.0000,10.0000,10.0000,10.0000,SCORE_SATURATED_AT_10
25.50,6.0,0.8800,24.6200,22.5000,65.6533,4.1033,10.0000,10.0000,10.0000,10.0000,SCORE_SATURATED_AT_10
25.50,6.5,0.9533,24.5467,23.6000,62.4068,3.7764,10.0000,10.0000,10.0000,10.0000,SCORE_SATURATED_AT_10
25.50,7.0,1.0267,24.4733,24.7000,59.4494,3.4962,10.0000,10.0000,10.0000,10.0000,SCORE_SATURATED_AT_10
25.50,7.5,1.1000,24.4000,25.8000,56.7442,3.2533,10.0000,10.0000,10.0000,10.0000,SCORE_SATURATED_AT_10
25.50,8.0,1.1733,24.3267,26.9000,54.2602,3.0408,10.0000,10.0000,10.0000,10.0000,SCORE_SATURATED_AT_10
25.50,8.5,1.2467,24.2533,27.8000,52.3453,2.8533,10.0000,10.0000,10.0000,10.0000,SCORE_SATURATED_AT_10
25.50,9.0,1.3200,24.1800,28.7000,50.5505,2.6867,10.0000,10.0000,10.0000,10.0000,SCORE_SATURATED_AT_10
25.50,9.5,1.3933,24.1067,29.6000,48.8649,2.5375,10.0000,10.0000,10.0000,10.0000,SCORE_SATURATED_AT_10
25.50,10.0,1.4667,24.0333,30.5000,47.2787,2.4033,10.0000,10.0000,10.0000,10.0000,SCORE_SATURATED_AT_10
25.50,10.5,1.5400,23.9600,31.4000,45.7834,2.2819,10.0000,10.0000,10.0000,10.0000,SCORE_SATURATED_AT_10
25.50,11.0,1.6133,23.8867,32.3000,44.3715,2.1715,10.0000,9.4768,10.0000,9.8692,
25.50,11.5,1.6867,23.8133,33.2000,43.0361,2.0707,10.0000,8.8048,10.0000,9.7012,
25.50,12.0,1.7600,23.7400,34.1000,41.7713,1.9783,10.0000,8.1889,10.0000,9.5472,
25.50,12.5,1.8333,23.6667,34.9000,40.6877,1.8933,10.0000,7.6222,10.0000,9.4056,
25.50,13.0,1.9067,23.5933,35.7000,39.6527,1.8149,10.0000,7.0991,10.0000,9.2748,
25.50,13.5,1.9800,23.5200,36.5000,38.6630,1.7422,10.0000,6.6148,10.0000,9.1537,
25.50,14.0,2.0533,23.4467,37.3000,37.7158,1.6748,10.0000,6.1651,10.0000,9.0413,
25.50,14.5,2.1267,23.3733,38.1000,36.8084,1.6120,10.0000,5.7464,10.0000,8.9366,
25.50,15.0,2.2000,23.3000,38.9000,35.9383,1.5533,10.0000,5.3556,10.0000,8.8389,LONG_DISTANCE_HIGH_SCORE
25.50,15.5,2.2733,23.2267,39.7000,35.1033,1.4985,10.0000,4.9900,10.0000,8.7475,LONG_DISTANCE_HIGH_SCORE
25.50,16.0,2.3467,23.1533,40.5000,34.3012,1.4471,10.0000,4.6472,10.0000,8.6618,LONG_DISTANCE_HIGH_SCORE
25.50,16.5,2.4200,23.0800,41.3000,33.5303,1.3988,10.0000,4.3253,10.0000,8.5813,LONG_DISTANCE_HIGH_SCORE
25.50,17.0,2.4933,23.0067,42.1000,32.7886,1.3533,10.0000,4.0222,10.0000,8.5056,LONG_DISTANCE_HIGH_SCORE
25.50,17.5,2.5667,22.9333,42.9000,32.0746,1.3105,10.0000,3.7365,10.0000,8.4341,LONG_DISTANCE_HIGH_SCORE
25.50,18.0,2.6400,22.8600,43.7000,31.3867,1.2700,10.0000,3.4667,10.0000,8.3667,LONG_DISTANCE_HIGH_SCORE
25.50,18.5,2.7133,22.7867,44.5000,30.7236,1.2317,10.0000,3.2114,10.0000,8.3029,LONG_DISTANCE_HIGH_SCORE
25.50,19.0,2.7867,22.7133,45.3000,30.0839,1.1954,10.0000,2.9696,10.0000,8.2424,LONG_DISTANCE_HIGH_SCORE
25.50,19.5,2.8600,22.6400,46.1000,29.4664,1.1610,9.7332,2.7402,10.0000,8.0250,LONG_DISTANCE_HIGH_SCORE
25.50,20.0,2.9333,22.5667,46.9000,28.8699,1.1283,9.4350,2.5222,10.0000,7.7915,
26.00,0.5,0.0733,25.9267,8.0000,194.4500,51.8533,10.0000,10.0000,10.0000,10.0000,SCORE_SATURATED_AT_10
26.00,1.0,0.1467,25.8533,9.5000,163.2842,25.8533,10.0000,10.0000,10.0000,10.0000,SCORE_SATURATED_AT_10
26.00,1.5,0.2200,25.7800,11.0000,140.6182,17.1867,10.0000,10.0000,10.0000,10.0000,SCORE_SATURATED_AT_10
26.00,2.0,0.2933,25.7067,12.5000,123.3920,12.8533,10.0000,10.0000,10.0000,10.0000,SCORE_SATURATED_AT_10
26.00,2.5,0.3667,25.6333,13.8000,111.4493,10.2533,10.0000,10.0000,10.0000,10.0000,SCORE_SATURATED_AT_10
26.00,3.0,0.4400,25.5600,15.1000,101.5629,8.5200,10.0000,10.0000,10.0000,10.0000,SCORE_SATURATED_AT_10
26.00,3.5,0.5133,25.4867,16.4000,93.2439,7.2819,10.0000,10.0000,10.0000,10.0000,SCORE_SATURATED_AT_10
26.00,4.0,0.5867,25.4133,17.7000,86.1469,6.3533,10.0000,10.0000,10.0000,10.0000,SCORE_SATURATED_AT_10
26.00,4.5,0.6600,25.3400,19.0000,80.0211,5.6311,10.0000,10.0000,10.0000,10.0000,SCORE_SATURATED_AT_10
26.00,5.0,0.7333,25.2667,20.3000,74.6798,5.0533,10.0000,10.0000,10.0000,10.0000,SCORE_SATURATED_AT_10
26.00,5.5,0.8067,25.1933,21.4000,70.6355,4.5806,10.0000,10.0000,10.0000,10.0000,SCORE_SATURATED_AT_10
26.00,6.0,0.8800,25.1200,22.5000,66.9867,4.1867,10.0000,10.0000,10.0000,10.0000,SCORE_SATURATED_AT_10
26.00,6.5,0.9533,25.0467,23.6000,63.6780,3.8533,10.0000,10.0000,10.0000,10.0000,SCORE_SATURATED_AT_10
26.00,7.0,1.0267,24.9733,24.7000,60.6640,3.5676,10.0000,10.0000,10.0000,10.0000,SCORE_SATURATED_AT_10
26.00,7.5,1.1000,24.9000,25.8000,57.9070,3.3200,10.0000,10.0000,10.0000,10.0000,SCORE_SATURATED_AT_10
26.00,8.0,1.1733,24.8267,26.9000,55.3755,3.1033,10.0000,10.0000,10.0000,10.0000,SCORE_SATURATED_AT_10
26.00,8.5,1.2467,24.7533,27.8000,53.4245,2.9122,10.0000,10.0000,10.0000,10.0000,SCORE_SATURATED_AT_10
26.00,9.0,1.3200,24.6800,28.7000,51.5958,2.7422,10.0000,10.0000,10.0000,10.0000,SCORE_SATURATED_AT_10
26.00,9.5,1.3933,24.6067,29.6000,49.8784,2.5902,10.0000,10.0000,10.0000,10.0000,SCORE_SATURATED_AT_10
26.00,10.0,1.4667,24.5333,30.5000,48.2623,2.4533,10.0000,10.0000,10.0000,10.0000,SCORE_SATURATED_AT_10
26.00,10.5,1.5400,24.4600,31.4000,46.7389,2.3295,10.0000,10.0000,10.0000,10.0000,SCORE_SATURATED_AT_10
26.00,11.0,1.6133,24.3867,32.3000,45.3003,2.2170,10.0000,9.7798,10.0000,9.9449,
26.00,11.5,1.6867,24.3133,33.2000,43.9398,2.1142,10.0000,9.0947,10.0000,9.7737,
26.00,12.0,1.7600,24.2400,34.1000,42.6510,2.0200,10.0000,8.4667,10.0000,9.6167,
26.00,12.5,1.8333,24.1667,34.9000,41.5473,1.9333,10.0000,7.8889,10.0000,9.4722,
26.00,13.0,1.9067,24.0933,35.7000,40.4930,1.8533,10.0000,7.3556,10.0000,9.3389,
26.00,13.5,1.9800,24.0200,36.5000,39.4849,1.7793,10.0000,6.8617,10.0000,9.2154,
26.00,14.0,2.0533,23.9467,37.3000,38.5201,1.7105,10.0000,6.4032,10.0000,9.1008,
26.00,14.5,2.1267,23.8733,38.1000,37.5958,1.6464,10.0000,5.9762,10.0000,8.9941,
26.00,15.0,2.2000,23.8000,38.9000,36.7095,1.5867,10.0000,5.5778,10.0000,8.8944,LONG_DISTANCE_HIGH_SCORE
26.00,15.5,2.2733,23.7267,39.7000,35.8589,1.5308,10.0000,5.2050,10.0000,8.8013,LONG_DISTANCE_HIGH_SCORE
26.00,16.0,2.3467,23.6533,40.5000,35.0420,1.4783,10.0000,4.8556,10.0000,8.7139,LONG_DISTANCE_HIGH_SCORE
26.00,16.5,2.4200,23.5800,41.3000,34.2567,1.4291,10.0000,4.5273,10.0000,8.6318,LONG_DISTANCE_HIGH_SCORE
26.00,17.0,2.4933,23.5067,42.1000,33.5012,1.3827,10.0000,4.2183,10.0000,8.5546,LONG_DISTANCE_HIGH_SCORE
26.00,17.5,2.5667,23.4333,42.9000,32.7739,1.3390,10.0000,3.9270,10.0000,8.4817,LONG_DISTANCE_HIGH_SCORE
26.00,18.0,2.6400,23.3600,43.7000,32.0732,1.2978,10.0000,3.6519,10.0000,8.4130,LONG_DISTANCE_HIGH_SCORE
26.00,18.5,2.7133,23.2867,44.5000,31.3978,1.2587,10.0000,3.3916,10.0000,8.3479,LONG_DISTANCE_HIGH_SCORE
26.00,19.0,2.7867,23.2133,45.3000,30.7461,1.2218,10.0000,3.1450,10.0000,8.2863,LONG_DISTANCE_HIGH_SCORE
26.00,19.5,2.8600,23.1400,46.1000,30.1171,1.1867,10.0000,2.9111,10.0000,8.2278,LONG_DISTANCE_HIGH_SCORE
26.00,20.0,2.9333,23.0667,46.9000,29.5096,1.1533,9.7548,2.6889,10.0000,8.0251,LONG_DISTANCE_HIGH_SCORE
26.50,0.5,0.0733,26.4267,8.0000,198.2000,52.8533,10.0000,10.0000,10.0000,10.0000,SCORE_SATURATED_AT_10
26.50,1.0,0.1467,26.3533,9.5000,166.4421,26.3533,10.0000,10.0000,10.0000,10.0000,SCORE_SATURATED_AT_10
26.50,1.5,0.2200,26.2800,11.0000,143.3455,17.5200,10.0000,10.0000,10.0000,10.0000,SCORE_SATURATED_AT_10
26.50,2.0,0.2933,26.2067,12.5000,125.7920,13.1033,10.0000,10.0000,10.0000,10.0000,SCORE_SATURATED_AT_10
26.50,2.5,0.3667,26.1333,13.8000,113.6232,10.4533,10.0000,10.0000,10.0000,10.0000,SCORE_SATURATED_AT_10
26.50,3.0,0.4400,26.0600,15.1000,103.5497,8.6867,10.0000,10.0000,10.0000,10.0000,SCORE_SATURATED_AT_10
26.50,3.5,0.5133,25.9867,16.4000,95.0732,7.4248,10.0000,10.0000,10.0000,10.0000,SCORE_SATURATED_AT_10
26.50,4.0,0.5867,25.9133,17.7000,87.8418,6.4783,10.0000,10.0000,10.0000,10.0000,SCORE_SATURATED_AT_10
26.50,4.5,0.6600,25.8400,19.0000,81.6000,5.7422,10.0000,10.0000,10.0000,10.0000,SCORE_SATURATED_AT_10
26.50,5.0,0.7333,25.7667,20.3000,76.1576,5.1533,10.0000,10.0000,10.0000,10.0000,SCORE_SATURATED_AT_10
26.50,5.5,0.8067,25.6933,21.4000,72.0374,4.6715,10.0000,10.0000,10.0000,10.0000,SCORE_SATURATED_AT_10
26.50,6.0,0.8800,25.6200,22.5000,68.3200,4.2700,10.0000,10.0000,10.0000,10.0000,SCORE_SATURATED_AT_10
26.50,6.5,0.9533,25.5467,23.6000,64.9492,3.9303,10.0000,10.0000,10.0000,10.0000,SCORE_SATURATED_AT_10
26.50,7.0,1.0267,25.4733,24.7000,61.8785,3.6390,10.0000,10.0000,10.0000,10.0000,SCORE_SATURATED_AT_10
26.50,7.5,1.1000,25.4000,25.8000,59.0698,3.3867,10.0000,10.0000,10.0000,10.0000,SCORE_SATURATED_AT_10
26.50,8.0,1.1733,25.3267,26.9000,56.4907,3.1658,10.0000,10.0000,10.0000,10.0000,SCORE_SATURATED_AT_10
26.50,8.5,1.2467,25.2533,27.8000,54.5036,2.9710,10.0000,10.0000,10.0000,10.0000,SCORE_SATURATED_AT_10
26.50,9.0,1.3200,25.1800,28.7000,52.6411,2.7978,10.0000,10.0000,10.0000,10.0000,SCORE_SATURATED_AT_10
26.50,9.5,1.3933,25.1067,29.6000,50.8919,2.6428,10.0000,10.0000,10.0000,10.0000,SCORE_SATURATED_AT_10
26.50,10.0,1.4667,25.0333,30.5000,49.2459,2.5033,10.0000,10.0000,10.0000,10.0000,SCORE_SATURATED_AT_10
26.50,10.5,1.5400,24.9600,31.4000,47.6943,2.3771,10.0000,10.0000,10.0000,10.0000,SCORE_SATURATED_AT_10
26.50,11.0,1.6133,24.8867,32.3000,46.2291,2.2624,10.0000,10.0000,10.0000,10.0000,SCORE_SATURATED_AT_10
26.50,11.5,1.6867,24.8133,33.2000,44.8434,2.1577,10.0000,9.3845,10.0000,9.8461,
26.50,12.0,1.7600,24.7400,34.1000,43.5308,2.0617,10.0000,8.7444,10.0000,9.6861,
26.50,12.5,1.8333,24.6667,34.9000,42.4069,1.9733,10.0000,8.1556,10.0000,9.5389,
26.50,13.0,1.9067,24.5933,35.7000,41.3333,1.8918,10.0000,7.6120,10.0000,9.4030,
26.50,13.5,1.9800,24.5200,36.5000,40.3068,1.8163,10.0000,7.1086,10.0000,9.2772,
26.50,14.0,2.0533,24.4467,37.3000,39.3244,1.7462,10.0000,6.6413,10.0000,9.1603,
26.50,14.5,2.1267,24.3733,38.1000,38.3832,1.6809,10.0000,6.2061,10.0000,9.0515,
26.50,15.0,2.2000,24.3000,38.9000,37.4807,1.6200,10.0000,5.8000,10.0000,8.9500,LONG_DISTANCE_HIGH_SCORE
26.50,15.5,2.2733,24.2267,39.7000,36.6146,1.5630,10.0000,5.4201,10.0000,8.8550,LONG_DISTANCE_HIGH_SCORE
26.50,16.0,2.3467,24.1533,40.5000,35.7827,1.5096,10.0000,5.0639,10.0000,8.7660,LONG_DISTANCE_HIGH_SCORE
26.50,16.5,2.4200,24.0800,41.3000,34.9831,1.4594,10.0000,4.7293,10.0000,8.6823,LONG_DISTANCE_HIGH_SCORE
26.50,17.0,2.4933,24.0067,42.1000,34.2138,1.4122,10.0000,4.4144,10.0000,8.6036,LONG_DISTANCE_HIGH_SCORE
26.50,17.5,2.5667,23.9333,42.9000,33.4732,1.3676,10.0000,4.1175,10.0000,8.5294,LONG_DISTANCE_HIGH_SCORE
26.50,18.0,2.6400,23.8600,43.7000,32.7597,1.3256,10.0000,3.8370,10.0000,8.4593,LONG_DISTANCE_HIGH_SCORE
26.50,18.5,2.7133,23.7867,44.5000,32.0719,1.2858,10.0000,3.5718,10.0000,8.3929,LONG_DISTANCE_HIGH_SCORE
26.50,19.0,2.7867,23.7133,45.3000,31.4084,1.2481,10.0000,3.3205,10.0000,8.3301,LONG_DISTANCE_HIGH_SCORE
26.50,19.5,2.8600,23.6400,46.1000,30.7679,1.2123,10.0000,3.0821,10.0000,8.2705,LONG_DISTANCE_HIGH_SCORE
26.50,20.0,2.9333,23.5667,46.9000,30.1493,1.1783,10.0000,2.8556,10.0000,8.2139,LONG_DISTANCE_HIGH_SCORE
27.00,0.5,0.0733,26.9267,8.0000,201.9500,53.8533,10.0000,10.0000,10.0000,10.0000,SCORE_SATURATED_AT_10
27.00,1.0,0.1467,26.8533,9.5000,169.6000,26.8533,10.0000,10.0000,10.0000,10.0000,SCORE_SATURATED_AT_10
27.00,1.5,0.2200,26.7800,11.0000,146.0727,17.8533,10.0000,10.0000,10.0000,10.0000,SCORE_SATURATED_AT_10
27.00,2.0,0.2933,26.7067,12.5000,128.1920,13.3533,10.0000,10.0000,10.0000,10.0000,SCORE_SATURATED_AT_10
27.00,2.5,0.3667,26.6333,13.8000,115.7971,10.6533,10.0000,10.0000,10.0000,10.0000,SCORE_SATURATED_AT_10
27.00,3.0,0.4400,26.5600,15.1000,105.5364,8.8533,10.0000,10.0000,10.0000,10.0000,SCORE_SATURATED_AT_10
27.00,3.5,0.5133,26.4867,16.4000,96.9024,7.5676,10.0000,10.0000,10.0000,10.0000,SCORE_SATURATED_AT_10
27.00,4.0,0.5867,26.4133,17.7000,89.5367,6.6033,10.0000,10.0000,10.0000,10.0000,SCORE_SATURATED_AT_10
27.00,4.5,0.6600,26.3400,19.0000,83.1789,5.8533,10.0000,10.0000,10.0000,10.0000,SCORE_SATURATED_AT_10
27.00,5.0,0.7333,26.2667,20.3000,77.6355,5.2533,10.0000,10.0000,10.0000,10.0000,SCORE_SATURATED_AT_10
27.00,5.5,0.8067,26.1933,21.4000,73.4393,4.7624,10.0000,10.0000,10.0000,10.0000,SCORE_SATURATED_AT_10
27.00,6.0,0.8800,26.1200,22.5000,69.6533,4.3533,10.0000,10.0000,10.0000,10.0000,SCORE_SATURATED_AT_10
27.00,6.5,0.9533,26.0467,23.6000,66.2203,4.0072,10.0000,10.0000,10.0000,10.0000,SCORE_SATURATED_AT_10
27.00,7.0,1.0267,25.9733,24.7000,63.0931,3.7105,10.0000,10.0000,10.0000,10.0000,SCORE_SATURATED_AT_10
27.00,7.5,1.1000,25.9000,25.8000,60.2326,3.4533,10.0000,10.0000,10.0000,10.0000,SCORE_SATURATED_AT_10
27.00,8.0,1.1733,25.8267,26.9000,57.6059,3.2283,10.0000,10.0000,10.0000,10.0000,SCORE_SATURATED_AT_10
27.00,8.5,1.2467,25.7533,27.8000,55.5827,3.0298,10.0000,10.0000,10.0000,10.0000,SCORE_SATURATED_AT_10
27.00,9.0,1.3200,25.6800,28.7000,53.6864,2.8533,10.0000,10.0000,10.0000,10.0000,SCORE_SATURATED_AT_10
27.00,9.5,1.3933,25.6067,29.6000,51.9054,2.6954,10.0000,10.0000,10.0000,10.0000,SCORE_SATURATED_AT_10
27.00,10.0,1.4667,25.5333,30.5000,50.2295,2.5533,10.0000,10.0000,10.0000,10.0000,SCORE_SATURATED_AT_10
27.00,10.5,1.5400,25.4600,31.4000,48.6497,2.4248,10.0000,10.0000,10.0000,10.0000,SCORE_SATURATED_AT_10
27.00,11.0,1.6133,25.3867,32.3000,47.1579,2.3079,10.0000,10.0000,10.0000,10.0000,SCORE_SATURATED_AT_10
27.00,11.5,1.6867,25.3133,33.2000,45.7470,2.2012,10.0000,9.6744,10.0000,9.9186,
27.00,12.0,1.7600,25.2400,34.1000,44.4106,2.1033,10.0000,9.0222,10.0000,9.7556,
27.00,12.5,1.8333,25.1667,34.9000,43.2665,2.0133,10.0000,8.4222,10.0000,9.6056,
27.00,13.0,1.9067,25.0933,35.7000,42.1737,1.9303,10.0000,7.8684,10.0000,9.4671,
27.00,13.5,1.9800,25.0200,36.5000,41.1288,1.8533,10.0000,7.3556,10.0000,9.3389,
27.00,14.0,2.0533,24.9467,37.3000,40.1287,1.7819,10.0000,6.8794,10.0000,9.2198,
27.00,14.5,2.1267,24.8733,38.1000,39.1706,1.7154,10.0000,6.4360,10.0000,9.1090,
27.00,15.0,2.2000,24.8000,38.9000,38.2519,1.6533,10.0000,6.0222,10.0000,9.0056,LONG_DISTANCE_HIGH_SCORE
27.00,15.5,2.2733,24.7267,39.7000,37.3703,1.5953,10.0000,5.6351,10.0000,8.9088,LONG_DISTANCE_HIGH_SCORE
27.00,16.0,2.3467,24.6533,40.5000,36.5235,1.5408,10.0000,5.2722,10.0000,8.8181,LONG_DISTANCE_HIGH_SCORE
27.00,16.5,2.4200,24.5800,41.3000,35.7094,1.4897,10.0000,4.9313,10.0000,8.7328,LONG_DISTANCE_HIGH_SCORE
27.00,17.0,2.4933,24.5067,42.1000,34.9264,1.4416,10.0000,4.6105,10.0000,8.6526,LONG_DISTANCE_HIGH_SCORE
27.00,17.5,2.5667,24.4333,42.9000,34.1725,1.3962,10.0000,4.3079,10.0000,8.5770,LONG_DISTANCE_HIGH_SCORE
27.00,18.0,2.6400,24.3600,43.7000,33.4462,1.3533,10.0000,4.0222,10.0000,8.5056,LONG_DISTANCE_HIGH_SCORE
27.00,18.5,2.7133,24.2867,44.5000,32.7461,1.3128,10.0000,3.7520,10.0000,8.4380,LONG_DISTANCE_HIGH_SCORE
27.00,19.0,2.7867,24.2133,45.3000,32.0706,1.2744,10.0000,3.4959,10.0000,8.3740,LONG_DISTANCE_HIGH_SCORE
27.00,19.5,2.8600,24.1400,46.1000,31.4187,1.2379,10.0000,3.2530,10.0000,8.3132,LONG_DISTANCE_HIGH_SCORE
27.00,20.0,2.9333,24.0667,46.9000,30.7889,1.2033,10.0000,3.0222,10.0000,8.2556,LONG_DISTANCE_HIGH_SCORE
27.50,0.5,0.0733,27.4267,8.0000,205.7000,54.8533,10.0000,10.0000,10.0000,10.0000,SCORE_SATURATED_AT_10
27.50,1.0,0.1467,27.3533,9.5000,172.7579,27.3533,10.0000,10.0000,10.0000,10.0000,SCORE_SATURATED_AT_10
27.50,1.5,0.2200,27.2800,11.0000,148.8000,18.1867,10.0000,10.0000,10.0000,10.0000,SCORE_SATURATED_AT_10
27.50,2.0,0.2933,27.2067,12.5000,130.5920,13.6033,10.0000,10.0000,10.0000,10.0000,SCORE_SATURATED_AT_10
27.50,2.5,0.3667,27.1333,13.8000,117.9710,10.8533,10.0000,10.0000,10.0000,10.0000,SCORE_SATURATED_AT_10
27.50,3.0,0.4400,27.0600,15.1000,107.5232,9.0200,10.0000,10.0000,10.0000,10.0000,SCORE_SATURATED_AT_10
27.50,3.5,0.5133,26.9867,16.4000,98.7317,7.7105,10.0000,10.0000,10.0000,10.0000,SCORE_SATURATED_AT_10
27.50,4.0,0.5867,26.9133,17.7000,91.2316,6.7283,10.0000,10.0000,10.0000,10.0000,SCORE_SATURATED_AT_10
27.50,4.5,0.6600,26.8400,19.0000,84.7579,5.9644,10.0000,10.0000,10.0000,10.0000,SCORE_SATURATED_AT_10
27.50,5.0,0.7333,26.7667,20.3000,79.1133,5.3533,10.0000,10.0000,10.0000,10.0000,SCORE_SATURATED_AT_10
27.50,5.5,0.8067,26.6933,21.4000,74.8411,4.8533,10.0000,10.0000,10.0000,10.0000,SCORE_SATURATED_AT_10
27.50,6.0,0.8800,26.6200,22.5000,70.9867,4.4367,10.0000,10.0000,10.0000,10.0000,SCORE_SATURATED_AT_10
27.50,6.5,0.9533,26.5467,23.6000,67.4915,4.0841,10.0000,10.0000,10.0000,10.0000,SCORE_SATURATED_AT_10
27.50,7.0,1.0267,26.4733,24.7000,64.3077,3.7819,10.0000,10.0000,10.0000,10.0000,SCORE_SATURATED_AT_10
27.50,7.5,1.1000,26.4000,25.8000,61.3953,3.5200,10.0000,10.0000,10.0000,10.0000,SCORE_SATURATED_AT_10
27.50,8.0,1.1733,26.3267,26.9000,58.7212,3.2908,10.0000,10.0000,10.0000,10.0000,SCORE_SATURATED_AT_10
27.50,8.5,1.2467,26.2533,27.8000,56.6619,3.0886,10.0000,10.0000,10.0000,10.0000,SCORE_SATURATED_AT_10
27.50,9.0,1.3200,26.1800,28.7000,54.7317,2.9089,10.0000,10.0000,10.0000,10.0000,SCORE_SATURATED_AT_10
27.50,9.5,1.3933,26.1067,29.6000,52.9189,2.7481,10.0000,10.0000,10.0000,10.0000,SCORE_SATURATED_AT_10
27.50,10.0,1.4667,26.0333,30.5000,51.2131,2.6033,10.0000,10.0000,10.0000,10.0000,SCORE_SATURATED_AT_10
27.50,10.5,1.5400,25.9600,31.4000,49.6051,2.4724,10.0000,10.0000,10.0000,10.0000,SCORE_SATURATED_AT_10
27.50,11.0,1.6133,25.8867,32.3000,48.0867,2.3533,10.0000,10.0000,10.0000,10.0000,SCORE_SATURATED_AT_10
27.50,11.5,1.6867,25.8133,33.2000,46.6506,2.2446,10.0000,9.9643,10.0000,9.9911,SCORE_SATURATED_AT_10
27.50,12.0,1.7600,25.7400,34.1000,45.2903,2.1450,10.0000,9.3000,10.0000,9.8250,
27.50,12.5,1.8333,25.6667,34.9000,44.1261,2.0533,10.0000,8.6889,10.0000,9.6722,
27.50,13.0,1.9067,25.5933,35.7000,43.0140,1.9687,10.0000,8.1248,10.0000,9.5312,
27.50,13.5,1.9800,25.5200,36.5000,41.9507,1.8904,10.0000,7.6025,10.0000,9.4006,
27.50,14.0,2.0533,25.4467,37.3000,40.9330,1.8176,10.0000,7.1175,10.0000,9.2794,
27.50,14.5,2.1267,25.3733,38.1000,39.9580,1.7499,10.0000,6.6659,10.0000,9.1665,
27.50,15.0,2.2000,25.3000,38.9000,39.0231,1.6867,10.0000,6.2444,10.0000,9.0611,LONG_DISTANCE_HIGH_SCORE
27.50,15.5,2.2733,25.2267,39.7000,38.1259,1.6275,10.0000,5.8502,10.0000,8.9625,LONG_DISTANCE_HIGH_SCORE
27.50,16.0,2.3467,25.1533,40.5000,37.2642,1.5721,10.0000,5.4806,10.0000,8.8701,LONG_DISTANCE_HIGH_SCORE
27.50,16.5,2.4200,25.0800,41.3000,36.4358,1.5200,10.0000,5.1333,10.0000,8.7833,LONG_DISTANCE_HIGH_SCORE
27.50,17.0,2.4933,25.0067,42.1000,35.6390,1.4710,10.0000,4.8065,10.0000,8.7016,LONG_DISTANCE_HIGH_SCORE
27.50,17.5,2.5667,24.9333,42.9000,34.8718,1.4248,10.0000,4.4984,10.0000,8.6246,LONG_DISTANCE_HIGH_SCORE
27.50,18.0,2.6400,24.8600,43.7000,34.1327,1.3811,10.0000,4.2074,10.0000,8.5519,LONG_DISTANCE_HIGH_SCORE
27.50,18.5,2.7133,24.7867,44.5000,33.4202,1.3398,10.0000,3.9321,10.0000,8.4830,LONG_DISTANCE_HIGH_SCORE
27.50,19.0,2.7867,24.7133,45.3000,32.7329,1.3007,10.0000,3.6713,10.0000,8.4178,LONG_DISTANCE_HIGH_SCORE
27.50,19.5,2.8600,24.6400,46.1000,32.0694,1.2636,10.0000,3.4239,10.0000,8.3560,LONG_DISTANCE_HIGH_SCORE
27.50,20.0,2.9333,24.5667,46.9000,31.4286,1.2283,10.0000,3.1889,10.0000,8.2972,LONG_DISTANCE_HIGH_SCORE
28.00,0.5,0.0733,27.9267,8.0000,209.4500,55.8533,10.0000,10.0000,10.0000,10.0000,SCORE_SATURATED_AT_10
28.00,1.0,0.1467,27.8533,9.5000,175.9158,27.8533,10.0000,10.0000,10.0000,10.0000,SCORE_SATURATED_AT_10
28.00,1.5,0.2200,27.7800,11.0000,151.5273,18.5200,10.0000,10.0000,10.0000,10.0000,SCORE_SATURATED_AT_10
28.00,2.0,0.2933,27.7067,12.5000,132.9920,13.8533,10.0000,10.0000,10.0000,10.0000,SCORE_SATURATED_AT_10
28.00,2.5,0.3667,27.6333,13.8000,120.1449,11.0533,10.0000,10.0000,10.0000,10.0000,SCORE_SATURATED_AT_10
28.00,3.0,0.4400,27.5600,15.1000,109.5099,9.1867,10.0000,10.0000,10.0000,10.0000,SCORE_SATURATED_AT_10
28.00,3.5,0.5133,27.4867,16.4000,100.5610,7.8533,10.0000,10.0000,10.0000,10.0000,SCORE_SATURATED_AT_10
28.00,4.0,0.5867,27.4133,17.7000,92.9266,6.8533,10.0000,10.0000,10.0000,10.0000,SCORE_SATURATED_AT_10
28.00,4.5,0.6600,27.3400,19.0000,86.3368,6.0756,10.0000,10.0000,10.0000,10.0000,SCORE_SATURATED_AT_10
28.00,5.0,0.7333,27.2667,20.3000,80.5911,5.4533,10.0000,10.0000,10.0000,10.0000,SCORE_SATURATED_AT_10
28.00,5.5,0.8067,27.1933,21.4000,76.2430,4.9442,10.0000,10.0000,10.0000,10.0000,SCORE_SATURATED_AT_10
28.00,6.0,0.8800,27.1200,22.5000,72.3200,4.5200,10.0000,10.0000,10.0000,10.0000,SCORE_SATURATED_AT_10
28.00,6.5,0.9533,27.0467,23.6000,68.7627,4.1610,10.0000,10.0000,10.0000,10.0000,SCORE_SATURATED_AT_10
28.00,7.0,1.0267,26.9733,24.7000,65.5223,3.8533,10.0000,10.0000,10.0000,10.0000,SCORE_SATURATED_AT_10
28.00,7.5,1.1000,26.9000,25.8000,62.5581,3.5867,10.0000,10.0000,10.0000,10.0000,SCORE_SATURATED_AT_10
28.00,8.0,1.1733,26.8267,26.9000,59.8364,3.3533,10.0000,10.0000,10.0000,10.0000,SCORE_SATURATED_AT_10
28.00,8.5,1.2467,26.7533,27.8000,57.7410,3.1475,10.0000,10.0000,10.0000,10.0000,SCORE_SATURATED_AT_10
28.00,9.0,1.3200,26.6800,28.7000,55.7770,2.9644,10.0000,10.0000,10.0000,10.0000,SCORE_SATURATED_AT_10
28.00,9.5,1.3933,26.6067,29.6000,53.9324,2.8007,10.0000,10.0000,10.0000,10.0000,SCORE_SATURATED_AT_10
28.00,10.0,1.4667,26.5333,30.5000,52.1967,2.6533,10.0000,10.0000,10.0000,10.0000,SCORE_SATURATED_AT_10
28.00,10.5,1.5400,26.4600,31.4000,50.5605,2.5200,10.0000,10.0000,10.0000,10.0000,SCORE_SATURATED_AT_10
28.00,11.0,1.6133,26.3867,32.3000,49.0155,2.3988,10.0000,10.0000,10.0000,10.0000,SCORE_SATURATED_AT_10
28.00,11.5,1.6867,26.3133,33.2000,47.5542,2.2881,10.0000,10.0000,10.0000,10.0000,SCORE_SATURATED_AT_10
28.00,12.0,1.7600,26.2400,34.1000,46.1701,2.1867,10.0000,9.5778,10.0000,9.8944,
28.00,12.5,1.8333,26.1667,34.9000,44.9857,2.0933,10.0000,8.9556,10.0000,9.7389,
28.00,13.0,1.9067,26.0933,35.7000,43.8543,2.0072,10.0000,8.3812,10.0000,9.5953,
28.00,13.5,1.9800,26.0200,36.5000,42.7726,1.9274,10.0000,7.8494,10.0000,9.4623,
28.00,14.0,2.0533,25.9467,37.3000,41.7373,1.8533,10.0000,7.3556,10.0000,9.3389,
28.00,14.5,2.1267,25.8733,38.1000,40.7454,1.7844,10.0000,6.8958,10.0000,9.2239,
28.00,15.0,2.2000,25.8000,38.9000,39.7943,1.7200,10.0000,6.4667,10.0000,9.1167,LONG_DISTANCE_HIGH_SCORE
28.00,15.5,2.2733,25.7267,39.7000,38.8816,1.6598,10.0000,6.0652,10.0000,9.0163,LONG_DISTANCE_HIGH_SCORE
28.00,16.0,2.3467,25.6533,40.5000,38.0049,1.6033,10.0000,5.6889,10.0000,8.9222,LONG_DISTANCE_HIGH_SCORE
28.00,16.5,2.4200,25.5800,41.3000,37.1622,1.5503,10.0000,5.3354,10.0000,8.8338,LONG_DISTANCE_HIGH_SCORE
28.00,17.0,2.4933,25.5067,42.1000,36.3515,1.5004,10.0000,5.0026,10.0000,8.7507,LONG_DISTANCE_HIGH_SCORE
28.00,17.5,2.5667,25.4333,42.9000,35.5711,1.4533,10.0000,4.6889,10.0000,8.6722,LONG_DISTANCE_HIGH_SCORE
28.00,18.0,2.6400,25.3600,43.7000,34.8192,1.4089,10.0000,4.3926,10.0000,8.5981,LONG_DISTANCE_HIGH_SCORE
28.00,18.5,2.7133,25.2867,44.5000,34.0944,1.3668,10.0000,4.1123,10.0000,8.5281,LONG_DISTANCE_HIGH_SCORE
28.00,19.0,2.7867,25.2133,45.3000,33.3951,1.3270,10.0000,3.8468,10.0000,8.4617,LONG_DISTANCE_HIGH_SCORE
28.00,19.5,2.8600,25.1400,46.1000,32.7202,1.2892,10.0000,3.5949,10.0000,8.3987,LONG_DISTANCE_HIGH_SCORE
28.00,20.0,2.9333,25.0667,46.9000,32.0682,1.2533,10.0000,3.3556,10.0000,8.3389,LONG_DISTANCE_HIGH_SCORE
28.50,0.5,0.0733,28.4267,8.0000,213.2000,56.8533,10.0000,10.0000,10.0000,10.0000,SCORE_SATURATED_AT_10
28.50,1.0,0.1467,28.3533,9.5000,179.0737,28.3533,10.0000,10.0000,10.0000,10.0000,SCORE_SATURATED_AT_10
28.50,1.5,0.2200,28.2800,11.0000,154.2545,18.8533,10.0000,10.0000,10.0000,10.0000,SCORE_SATURATED_AT_10
28.50,2.0,0.2933,28.2067,12.5000,135.3920,14.1033,10.0000,10.0000,10.0000,10.0000,SCORE_SATURATED_AT_10
28.50,2.5,0.3667,28.1333,13.8000,122.3188,11.2533,10.0000,10.0000,10.0000,10.0000,SCORE_SATURATED_AT_10
28.50,3.0,0.4400,28.0600,15.1000,111.4967,9.3533,10.0000,10.0000,10.0000,10.0000,SCORE_SATURATED_AT_10
28.50,3.5,0.5133,27.9867,16.4000,102.3902,7.9962,10.0000,10.0000,10.0000,10.0000,SCORE_SATURATED_AT_10
28.50,4.0,0.5867,27.9133,17.7000,94.6215,6.9783,10.0000,10.0000,10.0000,10.0000,SCORE_SATURATED_AT_10
28.50,4.5,0.6600,27.8400,19.0000,87.9158,6.1867,10.0000,10.0000,10.0000,10.0000,SCORE_SATURATED_AT_10
28.50,5.0,0.7333,27.7667,20.3000,82.0690,5.5533,10.0000,10.0000,10.0000,10.0000,SCORE_SATURATED_AT_10
28.50,5.5,0.8067,27.6933,21.4000,77.6449,5.0352,10.0000,10.0000,10.0000,10.0000,SCORE_SATURATED_AT_10
28.50,6.0,0.8800,27.6200,22.5000,73.6533,4.6033,10.0000,10.0000,10.0000,10.0000,SCORE_SATURATED_AT_10
28.50,6.5,0.9533,27.5467,23.6000,70.0339,4.2379,10.0000,10.0000,10.0000,10.0000,SCORE_SATURATED_AT_10
28.50,7.0,1.0267,27.4733,24.7000,66.7368,3.9248,10.0000,10.0000,10.0000,10.0000,SCORE_SATURATED_AT_10
28.50,7.5,1.1000,27.4000,25.8000,63.7209,3.6533,10.0000,10.0000,10.0000,10.0000,SCORE_SATURATED_AT_10
28.50,8.0,1.1733,27.3267,26.9000,60.9517,3.4158,10.0000,10.0000,10.0000,10.0000,SCORE_SATURATED_AT_10
28.50,8.5,1.2467,27.2533,27.8000,58.8201,3.2063,10.0000,10.0000,10.0000,10.0000,SCORE_SATURATED_AT_10
28.50,9.0,1.3200,27.1800,28.7000,56.8223,3.0200,10.0000,10.0000,10.0000,10.0000,SCORE_SATURATED_AT_10
28.50,9.5,1.3933,27.1067,29.6000,54.9459,2.8533,10.0000,10.0000,10.0000,10.0000,SCORE_SATURATED_AT_10
28.50,10.0,1.4667,27.0333,30.5000,53.1803,2.7033,10.0000,10.0000,10.0000,10.0000,SCORE_SATURATED_AT_10
28.50,10.5,1.5400,26.9600,31.4000,51.5159,2.5676,10.0000,10.0000,10.0000,10.0000,SCORE_SATURATED_AT_10
28.50,11.0,1.6133,26.8867,32.3000,49.9443,2.4442,10.0000,10.0000,10.0000,10.0000,SCORE_SATURATED_AT_10
28.50,11.5,1.6867,26.8133,33.2000,48.4578,2.3316,10.0000,10.0000,10.0000,10.0000,SCORE_SATURATED_AT_10
28.50,12.0,1.7600,26.7400,34.1000,47.0499,2.2283,10.0000,9.8556,10.0000,9.9639,SCORE_SATURATED_AT_10
28.50,12.5,1.8333,26.6667,34.9000,45.8453,2.1333,10.0000,9.2222,10.0000,9.8056,
28.50,13.0,1.9067,26.5933,35.7000,44.6947,2.0456,10.0000,8.6376,10.0000,9.6594,
28.50,13.5,1.9800,26.5200,36.5000,43.5945,1.9644,10.0000,8.0963,10.0000,9.5241,
28.50,14.0,2.0533,26.4467,37.3000,42.5416,1.8890,10.0000,7.5937,10.0000,9.3984,
28.50,14.5,2.1267,26.3733,38.1000,41.5328,1.8189,10.0000,7.1257,10.0000,9.2814,
28.50,15.0,2.2000,26.3000,38.9000,40.5656,1.7533,10.0000,6.6889,10.0000,9.1722,LONG_DISTANCE_HIGH_SCORE
28.50,15.5,2.2733,26.2267,39.7000,39.6373,1.6920,10.0000,6.2803,10.0000,9.0701,LONG_DISTANCE_HIGH_SCORE
28.50,16.0,2.3467,26.1533,40.5000,38.7457,1.6346,10.0000,5.8972,10.0000,8.9743,LONG_DISTANCE_HIGH_SCORE
28.50,16.5,2.4200,26.0800,41.3000,37.8886,1.5806,10.0000,5.5374,10.0000,8.8843,LONG_DISTANCE_HIGH_SCORE
28.50,17.0,2.4933,26.0067,42.1000,37.0641,1.5298,10.0000,5.1987,10.0000,8.7997,LONG_DISTANCE_HIGH_SCORE
28.50,17.5,2.5667,25.9333,42.9000,36.2704,1.4819,10.0000,4.8794,10.0000,8.7198,LONG_DISTANCE_HIGH_SCORE
28.50,18.0,2.6400,25.8600,43.7000,35.5057,1.4367,10.0000,4.5778,10.0000,8.6444,LONG_DISTANCE_HIGH_SCORE
28.50,18.5,2.7133,25.7867,44.5000,34.7685,1.3939,10.0000,4.2925,10.0000,8.5731,LONG_DISTANCE_HIGH_SCORE
28.50,19.0,2.7867,25.7133,45.3000,34.0574,1.3533,10.0000,4.0222,10.0000,8.5056,LONG_DISTANCE_HIGH_SCORE
28.50,19.5,2.8600,25.6400,46.1000,33.3709,1.3149,10.0000,3.7658,10.0000,8.4415,LONG_DISTANCE_HIGH_SCORE
28.50,20.0,2.9333,25.5667,46.9000,32.7079,1.2783,10.0000,3.5222,10.0000,8.3806,LONG_DISTANCE_HIGH_SCORE
29.00,0.5,0.0733,28.9267,8.0000,216.9500,57.8533,10.0000,10.0000,10.0000,10.0000,SCORE_SATURATED_AT_10
29.00,1.0,0.1467,28.8533,9.5000,182.2316,28.8533,10.0000,10.0000,10.0000,10.0000,SCORE_SATURATED_AT_10
29.00,1.5,0.2200,28.7800,11.0000,156.9818,19.1867,10.0000,10.0000,10.0000,10.0000,SCORE_SATURATED_AT_10
29.00,2.0,0.2933,28.7067,12.5000,137.7920,14.3533,10.0000,10.0000,10.0000,10.0000,SCORE_SATURATED_AT_10
29.00,2.5,0.3667,28.6333,13.8000,124.4928,11.4533,10.0000,10.0000,10.0000,10.0000,SCORE_SATURATED_AT_10
29.00,3.0,0.4400,28.5600,15.1000,113.4834,9.5200,10.0000,10.0000,10.0000,10.0000,SCORE_SATURATED_AT_10
29.00,3.5,0.5133,28.4867,16.4000,104.2195,8.1390,10.0000,10.0000,10.0000,10.0000,SCORE_SATURATED_AT_10
29.00,4.0,0.5867,28.4133,17.7000,96.3164,7.1033,10.0000,10.0000,10.0000,10.0000,SCORE_SATURATED_AT_10
29.00,4.5,0.6600,28.3400,19.0000,89.4947,6.2978,10.0000,10.0000,10.0000,10.0000,SCORE_SATURATED_AT_10
29.00,5.0,0.7333,28.2667,20.3000,83.5468,5.6533,10.0000,10.0000,10.0000,10.0000,SCORE_SATURATED_AT_10
29.00,5.5,0.8067,28.1933,21.4000,79.0467,5.1261,10.0000,10.0000,10.0000,10.0000,SCORE_SATURATED_AT_10
29.00,6.0,0.8800,28.1200,22.5000,74.9867,4.6867,10.0000,10.0000,10.0000,10.0000,SCORE_SATURATED_AT_10
29.00,6.5,0.9533,28.0467,23.6000,71.3051,4.3149,10.0000,10.0000,10.0000,10.0000,SCORE_SATURATED_AT_10
29.00,7.0,1.0267,27.9733,24.7000,67.9514,3.9962,10.0000,10.0000,10.0000,10.0000,SCORE_SATURATED_AT_10
29.00,7.5,1.1000,27.9000,25.8000,64.8837,3.7200,10.0000,10.0000,10.0000,10.0000,SCORE_SATURATED_AT_10
29.00,8.0,1.1733,27.8267,26.9000,62.0669,3.4783,10.0000,10.0000,10.0000,10.0000,SCORE_SATURATED_AT_10
29.00,8.5,1.2467,27.7533,27.8000,59.8993,3.2651,10.0000,10.0000,10.0000,10.0000,SCORE_SATURATED_AT_10
29.00,9.0,1.3200,27.6800,28.7000,57.8676,3.0756,10.0000,10.0000,10.0000,10.0000,SCORE_SATURATED_AT_10
29.00,9.5,1.3933,27.6067,29.6000,55.9595,2.9060,10.0000,10.0000,10.0000,10.0000,SCORE_SATURATED_AT_10
29.00,10.0,1.4667,27.5333,30.5000,54.1639,2.7533,10.0000,10.0000,10.0000,10.0000,SCORE_SATURATED_AT_10
29.00,10.5,1.5400,27.4600,31.4000,52.4713,2.6152,10.0000,10.0000,10.0000,10.0000,SCORE_SATURATED_AT_10
29.00,11.0,1.6133,27.3867,32.3000,50.8731,2.4897,10.0000,10.0000,10.0000,10.0000,SCORE_SATURATED_AT_10
29.00,11.5,1.6867,27.3133,33.2000,49.3614,2.3751,10.0000,10.0000,10.0000,10.0000,SCORE_SATURATED_AT_10
29.00,12.0,1.7600,27.2400,34.1000,47.9296,2.2700,10.0000,10.0000,10.0000,10.0000,SCORE_SATURATED_AT_10
29.00,12.5,1.8333,27.1667,34.9000,46.7049,2.1733,10.0000,9.4889,10.0000,9.8722,
29.00,13.0,1.9067,27.0933,35.7000,45.5350,2.0841,10.0000,8.8940,10.0000,9.7235,
29.00,13.5,1.9800,27.0200,36.5000,44.4164,2.0015,10.0000,8.3432,10.0000,9.5858,
29.00,14.0,2.0533,26.9467,37.3000,43.3458,1.9248,10.0000,7.8317,10.0000,9.4579,
29.00,14.5,2.1267,26.8733,38.1000,42.3202,1.8533,10.0000,7.3556,10.0000,9.3389,
29.00,15.0,2.2000,26.8000,38.9000,41.3368,1.7867,10.0000,6.9111,10.0000,9.2278,LONG_DISTANCE_HIGH_SCORE
29.00,15.5,2.2733,26.7267,39.7000,40.3929,1.7243,10.0000,6.4953,10.0000,9.1238,LONG_DISTANCE_HIGH_SCORE
29.00,16.0,2.3467,26.6533,40.5000,39.4864,1.6658,10.0000,6.1056,10.0000,9.0264,LONG_DISTANCE_HIGH_SCORE
29.00,16.5,2.4200,26.5800,41.3000,38.6150,1.6109,10.0000,5.7394,10.0000,8.9348,LONG_DISTANCE_HIGH_SCORE
29.00,17.0,2.4933,26.5067,42.1000,37.7767,1.5592,10.0000,5.3948,10.0000,8.8487,LONG_DISTANCE_HIGH_SCORE
29.00,17.5,2.5667,26.4333,42.9000,36.9697,1.5105,10.0000,5.0698,10.0000,8.7675,LONG_DISTANCE_HIGH_SCORE
29.00,18.0,2.6400,26.3600,43.7000,36.1922,1.4644,10.0000,4.7630,10.0000,8.6907,LONG_DISTANCE_HIGH_SCORE
29.00,18.5,2.7133,26.2867,44.5000,35.4427,1.4209,10.0000,4.4727,10.0000,8.6182,LONG_DISTANCE_HIGH_SCORE
29.00,19.0,2.7867,26.2133,45.3000,34.7196,1.3796,10.0000,4.1977,10.0000,8.5494,LONG_DISTANCE_HIGH_SCORE
29.00,19.5,2.8600,26.1400,46.1000,34.0217,1.3405,10.0000,3.9368,10.0000,8.4842,LONG_DISTANCE_HIGH_SCORE
29.00,20.0,2.9333,26.0667,46.9000,33.3475,1.3033,10.0000,3.6889,10.0000,8.4222,LONG_DISTANCE_HIGH_SCORE
29.50,0.5,0.0733,29.4267,8.0000,220.7000,58.8533,10.0000,10.0000,10.0000,10.0000,SCORE_SATURATED_AT_10
29.50,1.0,0.1467,29.3533,9.5000,185.3895,29.3533,10.0000,10.0000,10.0000,10.0000,SCORE_SATURATED_AT_10
29.50,1.5,0.2200,29.2800,11.0000,159.7091,19.5200,10.0000,10.0000,10.0000,10.0000,SCORE_SATURATED_AT_10
29.50,2.0,0.2933,29.2067,12.5000,140.1920,14.6033,10.0000,10.0000,10.0000,10.0000,SCORE_SATURATED_AT_10
29.50,2.5,0.3667,29.1333,13.8000,126.6667,11.6533,10.0000,10.0000,10.0000,10.0000,SCORE_SATURATED_AT_10
29.50,3.0,0.4400,29.0600,15.1000,115.4702,9.6867,10.0000,10.0000,10.0000,10.0000,SCORE_SATURATED_AT_10
29.50,3.5,0.5133,28.9867,16.4000,106.0488,8.2819,10.0000,10.0000,10.0000,10.0000,SCORE_SATURATED_AT_10
29.50,4.0,0.5867,28.9133,17.7000,98.0113,7.2283,10.0000,10.0000,10.0000,10.0000,SCORE_SATURATED_AT_10
29.50,4.5,0.6600,28.8400,19.0000,91.0737,6.4089,10.0000,10.0000,10.0000,10.0000,SCORE_SATURATED_AT_10
29.50,5.0,0.7333,28.7667,20.3000,85.0246,5.7533,10.0000,10.0000,10.0000,10.0000,SCORE_SATURATED_AT_10
29.50,5.5,0.8067,28.6933,21.4000,80.4486,5.2170,10.0000,10.0000,10.0000,10.0000,SCORE_SATURATED_AT_10
29.50,6.0,0.8800,28.6200,22.5000,76.3200,4.7700,10.0000,10.0000,10.0000,10.0000,SCORE_SATURATED_AT_10
29.50,6.5,0.9533,28.5467,23.6000,72.5763,4.3918,10.0000,10.0000,10.0000,10.0000,SCORE_SATURATED_AT_10
29.50,7.0,1.0267,28.4733,24.7000,69.1660,4.0676,10.0000,10.0000,10.0000,10.0000,SCORE_SATURATED_AT_10
29.50,7.5,1.1000,28.4000,25.8000,66.0465,3.7867,10.0000,10.0000,10.0000,10.0000,SCORE_SATURATED_AT_10
29.50,8.0,1.1733,28.3267,26.9000,63.1822,3.5408,10.0000,10.0000,10.0000,10.0000,SCORE_SATURATED_AT_10
29.50,8.5,1.2467,28.2533,27.8000,60.9784,3.3239,10.0000,10.0000,10.0000,10.0000,SCORE_SATURATED_AT_10
29.50,9.0,1.3200,28.1800,28.7000,58.9129,3.1311,10.0000,10.0000,10.0000,10.0000,SCORE_SATURATED_AT_10
29.50,9.5,1.3933,28.1067,29.6000,56.9730,2.9586,10.0000,10.0000,10.0000,10.0000,SCORE_SATURATED_AT_10
29.50,10.0,1.4667,28.0333,30.5000,55.1475,2.8033,10.0000,10.0000,10.0000,10.0000,SCORE_SATURATED_AT_10
29.50,10.5,1.5400,27.9600,31.4000,53.4268,2.6629,10.0000,10.0000,10.0000,10.0000,SCORE_SATURATED_AT_10
29.50,11.0,1.6133,27.8867,32.3000,51.8019,2.5352,10.0000,10.0000,10.0000,10.0000,SCORE_SATURATED_AT_10
29.50,11.5,1.6867,27.8133,33.2000,50.2651,2.4186,10.0000,10.0000,10.0000,10.0000,SCORE_SATURATED_AT_10
29.50,12.0,1.7600,27.7400,34.1000,48.8094,2.3117,10.0000,10.0000,10.0000,10.0000,SCORE_SATURATED_AT_10
29.50,12.5,1.8333,27.6667,34.9000,47.5645,2.2133,10.0000,9.7556,10.0000,9.9389,
29.50,13.0,1.9067,27.5933,35.7000,46.3754,2.1226,10.0000,9.1504,10.0000,9.7876,
29.50,13.5,1.9800,27.5200,36.5000,45.2384,2.0385,10.0000,8.5901,10.0000,9.6475,
29.50,14.0,2.0533,27.4467,37.3000,44.1501,1.9605,10.0000,8.0698,10.0000,9.5175,
29.50,14.5,2.1267,27.3733,38.1000,43.1076,1.8878,10.0000,7.5854,10.0000,9.3964,
29.50,15.0,2.2000,27.3000,38.9000,42.1080,1.8200,10.0000,7.1333,10.0000,9.2833,LONG_DISTANCE_HIGH_SCORE
29.50,15.5,2.2733,27.2267,39.7000,41.1486,1.7566,10.0000,6.7104,10.0000,9.1776,LONG_DISTANCE_HIGH_SCORE
29.50,16.0,2.3467,27.1533,40.5000,40.2272,1.6971,10.0000,6.3139,10.0000,9.0785,LONG_DISTANCE_HIGH_SCORE
29.50,16.5,2.4200,27.0800,41.3000,39.3414,1.6412,10.0000,5.9414,10.0000,8.9854,LONG_DISTANCE_HIGH_SCORE
29.50,17.0,2.4933,27.0067,42.1000,38.4893,1.5886,10.0000,5.5908,10.0000,8.8977,LONG_DISTANCE_HIGH_SCORE
29.50,17.5,2.5667,26.9333,42.9000,37.6690,1.5390,10.0000,5.2603,10.0000,8.8151,LONG_DISTANCE_HIGH_SCORE
29.50,18.0,2.6400,26.8600,43.7000,36.8787,1.4922,10.0000,4.9481,10.0000,8.7370,LONG_DISTANCE_HIGH_SCORE
29.50,18.5,2.7133,26.7867,44.5000,36.1169,1.4479,10.0000,4.6529,10.0000,8.6632,LONG_DISTANCE_HIGH_SCORE
29.50,19.0,2.7867,26.7133,45.3000,35.3819,1.4060,10.0000,4.3731,10.0000,8.5933,LONG_DISTANCE_HIGH_SCORE
29.50,19.5,2.8600,26.6400,46.1000,34.6725,1.3662,10.0000,4.1077,10.0000,8.5269,LONG_DISTANCE_HIGH_SCORE
29.50,20.0,2.9333,26.5667,46.9000,33.9872,1.3283,10.0000,3.8556,10.0000,8.4639,LONG_DISTANCE_HIGH_SCORE
30.00,0.5,0.0733,29.9267,8.0000,224.4500,59.8533,10.0000,10.0000,10.0000,10.0000,SCORE_SATURATED_AT_10
30.00,1.0,0.1467,29.8533,9.5000,188.5474,29.8533,10.0000,10.0000,10.0000,10.0000,SCORE_SATURATED_AT_10
30.00,1.5,0.2200,29.7800,11.0000,162.4364,19.8533,10.0000,10.0000,10.0000,10.0000,SCORE_SATURATED_AT_10
30.00,2.0,0.2933,29.7067,12.5000,142.5920,14.8533,10.0000,10.0000,10.0000,10.0000,SCORE_SATURATED_AT_10
30.00,2.5,0.3667,29.6333,13.8000,128.8406,11.8533,10.0000,10.0000,10.0000,10.0000,SCORE_SATURATED_AT_10
30.00,3.0,0.4400,29.5600,15.1000,117.4570,9.8533,10.0000,10.0000,10.0000,10.0000,SCORE_SATURATED_AT_10
30.00,3.5,0.5133,29.4867,16.4000,107.8780,8.4248,10.0000,10.0000,10.0000,10.0000,SCORE_SATURATED_AT_10
30.00,4.0,0.5867,29.4133,17.7000,99.7062,7.3533,10.0000,10.0000,10.0000,10.0000,SCORE_SATURATED_AT_10
30.00,4.5,0.6600,29.3400,19.0000,92.6526,6.5200,10.0000,10.0000,10.0000,10.0000,SCORE_SATURATED_AT_10
30.00,5.0,0.7333,29.2667,20.3000,86.5025,5.8533,10.0000,10.0000,10.0000,10.0000,SCORE_SATURATED_AT_10
30.00,5.5,0.8067,29.1933,21.4000,81.8505,5.3079,10.0000,10.0000,10.0000,10.0000,SCORE_SATURATED_AT_10
30.00,6.0,0.8800,29.1200,22.5000,77.6533,4.8533,10.0000,10.0000,10.0000,10.0000,SCORE_SATURATED_AT_10
30.00,6.5,0.9533,29.0467,23.6000,73.8475,4.4687,10.0000,10.0000,10.0000,10.0000,SCORE_SATURATED_AT_10
30.00,7.0,1.0267,28.9733,24.7000,70.3806,4.1390,10.0000,10.0000,10.0000,10.0000,SCORE_SATURATED_AT_10
30.00,7.5,1.1000,28.9000,25.8000,67.2093,3.8533,10.0000,10.0000,10.0000,10.0000,SCORE_SATURATED_AT_10
30.00,8.0,1.1733,28.8267,26.9000,64.2974,3.6033,10.0000,10.0000,10.0000,10.0000,SCORE_SATURATED_AT_10
30.00,8.5,1.2467,28.7533,27.8000,62.0576,3.3827,10.0000,10.0000,10.0000,10.0000,SCORE_SATURATED_AT_10
30.00,9.0,1.3200,28.6800,28.7000,59.9582,3.1867,10.0000,10.0000,10.0000,10.0000,SCORE_SATURATED_AT_10
30.00,9.5,1.3933,28.6067,29.6000,57.9865,3.0112,10.0000,10.0000,10.0000,10.0000,SCORE_SATURATED_AT_10
30.00,10.0,1.4667,28.5333,30.5000,56.1311,2.8533,10.0000,10.0000,10.0000,10.0000,SCORE_SATURATED_AT_10
30.00,10.5,1.5400,28.4600,31.4000,54.3822,2.7105,10.0000,10.0000,10.0000,10.0000,SCORE_SATURATED_AT_10
30.00,11.0,1.6133,28.3867,32.3000,52.7307,2.5806,10.0000,10.0000,10.0000,10.0000,SCORE_SATURATED_AT_10
30.00,11.5,1.6867,28.3133,33.2000,51.1687,2.4620,10.0000,10.0000,10.0000,10.0000,SCORE_SATURATED_AT_10
30.00,12.0,1.7600,28.2400,34.1000,49.6891,2.3533,10.0000,10.0000,10.0000,10.0000,SCORE_SATURATED_AT_10
30.00,12.5,1.8333,28.1667,34.9000,48.4241,2.2533,10.0000,10.0000,10.0000,10.0000,SCORE_SATURATED_AT_10
30.00,13.0,1.9067,28.0933,35.7000,47.2157,2.1610,10.0000,9.4068,10.0000,9.8517,
30.00,13.5,1.9800,28.0200,36.5000,46.0603,2.0756,10.0000,8.8370,10.0000,9.7093,
30.00,14.0,2.0533,27.9467,37.3000,44.9544,1.9962,10.0000,8.3079,10.0000,9.5770,
30.00,14.5,2.1267,27.8733,38.1000,43.8950,1.9223,10.0000,7.8153,10.0000,9.4538,
30.00,15.0,2.2000,27.8000,38.9000,42.8792,1.8533,10.0000,7.3556,10.0000,9.3389,LONG_DISTANCE_HIGH_SCORE
30.00,15.5,2.2733,27.7267,39.7000,41.9043,1.7888,10.0000,6.9254,10.0000,9.2314,LONG_DISTANCE_HIGH_SCORE
30.00,16.0,2.3467,27.6533,40.5000,40.9679,1.7283,10.0000,6.5222,10.0000,9.1306,LONG_DISTANCE_HIGH_SCORE
30.00,16.5,2.4200,27.5800,41.3000,40.0678,1.6715,10.0000,6.1434,10.0000,9.0359,LONG_DISTANCE_HIGH_SCORE
30.00,17.0,2.4933,27.5067,42.1000,39.2019,1.6180,10.0000,5.7869,10.0000,8.9467,LONG_DISTANCE_HIGH_SCORE
30.00,17.5,2.5667,27.4333,42.9000,38.3683,1.5676,10.0000,5.4508,10.0000,8.8627,LONG_DISTANCE_HIGH_SCORE
30.00,18.0,2.6400,27.3600,43.7000,37.5652,1.5200,10.0000,5.1333,10.0000,8.7833,LONG_DISTANCE_HIGH_SCORE
30.00,18.5,2.7133,27.2867,44.5000,36.7910,1.4750,10.0000,4.8330,10.0000,8.7083,LONG_DISTANCE_HIGH_SCORE
30.00,19.0,2.7867,27.2133,45.3000,36.0442,1.4323,10.0000,4.5485,10.0000,8.6371,LONG_DISTANCE_HIGH_SCORE
30.00,19.5,2.8600,27.1400,46.1000,35.3232,1.3918,10.0000,4.2786,10.0000,8.5697,LONG_DISTANCE_HIGH_SCORE
30.00,20.0,2.9333,27.0667,46.9000,34.6269,1.3533,10.0000,4.0222,10.0000,8.5056,LONG_DISTANCE_HIGH_SCORE
